1,Vaidyakiya Subhashit Sahitya and Vaidyakam,1,Dr. Subash Ranade,Vaidyakiya Subhashit Sahitya and Vaidyakam,135,Chokamba Prakashan,184,varanasi,CR 656,27/05/2019,36,CR 656,27/05/2019,Pustak Pedhi,Available,Samhita siddhant ,Marathi,1
2,Vaidyakiya Subhashit Sahitya and Vaidyakam,2,Dr. Subash Ranade,Vaidyakiya Subhashit Sahitya and Vaidyakam,135,Chokamba Prakashan,184,varanasi,CR 656,27/05/2019,36,CR 656,27/05/2019,Pustak Pedhi,Available,Samhita siddhant ,Marathi,
3,Vaidyakiya Subhashit Sahitya and Vaidyakam,3,Dr. Subash Ranade,Vaidyakiya Subhashit Sahitya and Vaidyakam,135,Chokamba Prakashan,184,varanasi,CR 656,27/05/2019,36,CR 656,27/05/2019,Pustak Pedhi,Available,Samhita siddhant ,Marathi,
4,Vaidyakiya Subhashit Sahitya and Vaidyakam,4,Dr. Subash Ranade,Vaidyakiya Subhashit Sahitya and Vaidyakam,135,Chokamba Prakashan,184,varanasi,CR 656,27/05/2019,36,CR 656,27/05/2019,Pustak Pedhi,Available,Samhita siddhant ,Marathi,
5,Vaidyakiya Subhashit Sahitya and Vaidyakam,5,Dr. Subash Ranade,Vaidyakiya Subhashit Sahitya and Vaidyakam,135,Chokamba Prakashan,184,varanasi,CR 656,27/05/2019,36,CR 656,27/05/2019,Pustak Pedhi,Available,Samhita siddhant ,Marathi,
6,Vaidyakiya Subhashit Sahitya and Vaidyakam,6,Dr. Subash Ranade,Vaidyakiya Subhashit Sahitya and Vaidyakam,135,Chokamba Prakashan,184,varanasi,CR 656,27/05/2019,36,CR 656,27/05/2019,Pustak Pedhi,Available,Samhita siddhant ,Marathi,
7,Vaidyakiya Subhashit Sahitya and Vaidyakam,7,Dr. Subash Ranade,Vaidyakiya Subhashit Sahitya and Vaidyakam,135,Chokamba Prakashan,184,varanasi,CR 656,27/05/2019,36,CR 656,27/05/2019,Pustak Pedhi,Available,Samhita siddhant ,Marathi,
8,Vaidyakiya Subhashit Sahitya and Vaidyakam,8,Dr. Subash Ranade,Vaidyakiya Subhashit Sahitya and Vaidyakam,135,Chokamba Prakashan,184,varanasi,CR 656,27/05/2019,36,CR 656,27/05/2019,Pustak Pedhi,Available,Samhita siddhant ,Marathi,
9,Vaidyakiya Subhashit Sahitya and Vaidyakam,9,Dr. Subash Ranade,Vaidyakiya Subhashit Sahitya and Vaidyakam,135,Chokamba Prakashan,184,varanasi,CR 656,27/05/2019,36,CR 656,27/05/2019,Pustak Pedhi,Available,Samhita siddhant ,Marathi,
10,Vaidyakiya Subhashit Sahitya and Vaidyakam,10,Dr. Subash Ranade,Vaidyakiya Subhashit Sahitya and Vaidyakam,135,Chokamba Prakashan,184,varanasi,CR 656,27/05/2019,36,CR 656,27/05/2019,Pustak Pedhi,Available,Samhita siddhant ,Marathi,
11,Sanskrit shabda-Dhatu-rupawali,11,Pd . Rajaram Shastri Natekar,Sanskrit shabda-Dhatu-rupawali,50,Navneet Prakashan,208,Gujrat,CR 656,27/05/2019,36,CR 656,27/05/2019,Pustak Pedhi,Available,Samhita siddhant ,Marathi,
12,Sanskrit shabda-Dhatu-rupawali,12,Pd . Rajaram Shastri Natekar,Sanskrit shabda-Dhatu-rupawali,50,Navneet Prakashan,208,Gujrat,CR 656,27/05/2019,36,CR 656,27/05/2019,Pustak Pedhi,Available,Samhita siddhant ,Marathi,
13,Sanskrit shabda-Dhatu-rupawali,13,Pd . Rajaram Shastri Natekar,Sanskrit shabda-Dhatu-rupawali,50,Navneet Prakashan,208,Gujrat,CR 656,27/05/2019,36,CR 656,27/05/2019,Pustak Pedhi,Available,Samhita siddhant ,Marathi,
14,Sanskrit shabda-Dhatu-rupawali,14,Pd . Rajaram Shastri Natekar,Sanskrit shabda-Dhatu-rupawali,50,Navneet Prakashan,208,Gujrat,CR 656,27/05/2019,36,CR 656,27/05/2019,Pustak Pedhi,Available,Samhita siddhant ,Marathi,
15,Sanskrit shabda-Dhatu-rupawali,15,Pd . Rajaram Shastri Natekar,Sanskrit shabda-Dhatu-rupawali,50,Navneet Prakashan,208,Gujrat,CR 656,27/05/2019,36,CR 656,27/05/2019,Pustak Pedhi,Available,Samhita siddhant ,Marathi,
16,Sanskrit shabda-Dhatu-rupawali,16,Pd . Rajaram Shastri Natekar,Sanskrit shabda-Dhatu-rupawali,50,Navneet Prakashan,208,Gujrat,CR 656,27/05/2019,36,CR 656,27/05/2019,Pustak Pedhi,Available,Samhita siddhant ,Marathi,
17,Sanskrit shabda-Dhatu-rupawali,17,Pd . Rajaram Shastri Natekar,Sanskrit shabda-Dhatu-rupawali,50,Navneet Prakashan,208,Gujrat,CR 656,27/05/2019,36,CR 656,27/05/2019,Pustak Pedhi,Available,Samhita siddhant ,Marathi,
18,Sanskrit shabda-Dhatu-rupawali,18,Pd . Rajaram Shastri Natekar,Sanskrit shabda-Dhatu-rupawali,50,Navneet Prakashan,208,Gujrat,CR 656,27/05/2019,36,CR 656,27/05/2019,Pustak Pedhi,Available,Samhita siddhant ,Marathi,
19,Sanskrit shabda-Dhatu-rupawali,19,Pd . Rajaram Shastri Natekar,Sanskrit shabda-Dhatu-rupawali,50,Navneet Prakashan,208,Gujrat,CR 656,27/05/2019,36,CR 656,27/05/2019,Pustak Pedhi,Available,Samhita siddhant ,Marathi,
20,Sanskrit shabda-Dhatu-rupawali,20,Pd . Rajaram Shastri Natekar,Sanskrit shabda-Dhatu-rupawali,50,Navneet Prakashan,208,Gujrat,CR 656,27/05/2019,36,CR 656,27/05/2019,Pustak Pedhi,Available,Samhita siddhant ,Marathi,
21,Panchtantra Aparikshitkarkam,21,Srikant Gawande,Panchtantra Aparikshitkarkam,70,Profeisant prakashan,88,Pune,CR 656,27/05/2019,36,CR 656,27/05/2019,Pustak Pedhi,Available,Samhita siddhant ,Marathi,
22,Panchtantra Aparikshitkarkam,22,Srikant Gawande,Panchtantra Aparikshitkarkam,70,Profeisant prakashan,88,Pune,CR 656,27/05/2019,36,CR 656,27/05/2019,Pustak Pedhi,Available,Samhita siddhant ,Marathi,
23,Panchtantra Aparikshitkarkam,23,Srikant Gawande,Panchtantra Aparikshitkarkam,70,Profeisant prakashan,88,Pune,CR 656,27/05/2019,36,CR 656,27/05/2019,Pustak Pedhi,Available,Samhita siddhant ,Marathi,
24,Panchtantra Aparikshitkarkam,24,Srikant Gawande,Panchtantra Aparikshitkarkam,70,Profeisant prakashan,88,Pune,CR 656,27/05/2019,36,CR 656,27/05/2019,Pustak Pedhi,Available,Samhita siddhant ,Marathi,
25,Panchtantra Aparikshitkarkam,25,Srikant Gawande,Panchtantra Aparikshitkarkam,70,Profeisant prakashan,88,Pune,CR 656,27/05/2019,36,CR 656,27/05/2019,Pustak Pedhi,Available,Samhita siddhant ,Marathi,
26,Panchtantra Aparikshitkarkam,26,Srikant Gawande,Panchtantra Aparikshitkarkam,70,Profeisant prakashan,88,Pune,CR 656,27/05/2019,36,CR 656,27/05/2019,Pustak Pedhi,Available,Samhita siddhant ,Marathi,
27,Panchtantra Aparikshitkarkam,27,Srikant Gawande,Panchtantra Aparikshitkarkam,70,Profeisant prakashan,88,Pune,CR 656,27/05/2019,36,CR 656,27/05/2019,Pustak Pedhi,Available,Samhita siddhant ,Marathi,
28,Panchtantra Aparikshitkarkam,28,Srikant Gawande,Panchtantra Aparikshitkarkam,70,Profeisant prakashan,88,Pune,CR 656,27/05/2019,36,CR 656,27/05/2019,Pustak Pedhi,Available,Samhita siddhant ,Marathi,
29,Panchtantra Aparikshitkarkam,29,Srikant Gawande,Panchtantra Aparikshitkarkam,70,Profeisant prakashan,88,Pune,CR 656,27/05/2019,36,CR 656,27/05/2019,Pustak Pedhi,Available,Samhita siddhant ,Marathi,
30,Panchtantra Aparikshitkarkam,30,Srikant Gawande,Panchtantra Aparikshitkarkam,70,Profeisant prakashan,88,Pune,CR 656,27/05/2019,36,CR 656,27/05/2019,Pustak Pedhi,Available,Samhita siddhant ,Marathi,
31,Kaumudhi Siddhant,31,Bhramraj Group,Kaumudhi Siddhant,100,Dhanwantari Prakashan,156,Nagpur,CR 656,27/05/2019,36,CR 656,27/05/2019,Pustak Pedhi,Available,Samhita siddhant ,Marathi,
32,Kaumudhi Siddhant,32,Bhramraj Group,Kaumudhi Siddhant,100,Dhanwantari Prakashan,156,Nagpur,CR 656,27/05/2019,36,CR 656,27/05/2019,Pustak Pedhi,Available,Samhita siddhant ,Marathi,
33,Kaumudhi Siddhant,33,Bhramraj Group,Kaumudhi Siddhant,100,Dhanwantari Prakashan,156,Nagpur,CR 656,27/05/2019,36,CR 656,27/05/2019,Pustak Pedhi,Available,Samhita siddhant ,Marathi,
34,Kaumudhi Siddhant,34,Bhramraj Group,Kaumudhi Siddhant,100,Dhanwantari Prakashan,156,Nagpur,CR 656,27/05/2019,36,CR 656,27/05/2019,Pustak Pedhi,Available,Samhita siddhant ,Marathi,
35,Kaumudhi Siddhant,35,Bhramraj Group,Kaumudhi Siddhant,100,Dhanwantari Prakashan,156,Nagpur,CR 656,27/05/2019,36,CR 656,27/05/2019,Pustak Pedhi,Available,Samhita siddhant ,Marathi,
36,Kaumudhi Siddhant,36,Bhramraj Group,Kaumudhi Siddhant,100,Dhanwantari Prakashan,156,Nagpur,CR 656,27/05/2019,36,CR 656,27/05/2019,Pustak Pedhi,Available,Samhita siddhant ,Marathi,
37,Kaumudhi Siddhant,37,Bhramraj Group,Kaumudhi Siddhant,100,Dhanwantari Prakashan,156,Nagpur,CR 656,27/05/2019,36,CR 656,27/05/2019,Pustak Pedhi,Available,Samhita siddhant ,Marathi,
38,Kaumudhi Siddhant,38,Bhramraj Group,Kaumudhi Siddhant,100,Dhanwantari Prakashan,156,Nagpur,CR 656,27/05/2019,36,CR 656,27/05/2019,Pustak Pedhi,Available,Samhita siddhant ,Marathi,
39,Kaumudhi Siddhant,39,Bhramraj Group,Kaumudhi Siddhant,100,Dhanwantari Prakashan,156,Nagpur,CR 656,27/05/2019,36,CR 656,27/05/2019,Pustak Pedhi,Available,Samhita siddhant ,Marathi,
40,Kaumudhi Siddhant,40,Bhramraj Group,Kaumudhi Siddhant,100,Dhanwantari Prakashan,156,Nagpur,CR 656,27/05/2019,36,CR 656,27/05/2019,Pustak Pedhi,Available,Samhita siddhant ,Marathi,
41,Ayurved Sanskrutam ,41,Dr. Vishwanath S. Joshi,Ayurved Sanskrutam ,250,Dhanwantari Prakashan,264,Nagpur,CR 656,27/05/2019,36,CR 656,27/05/2019,Pustak Pedhi,Available,Samhita siddhant ,Marathi,
42,Ayurved Sanskrutam ,42,Dr. Vishwanath S. Joshi,Ayurved Sanskrutam ,250,Dhanwantari Prakashan,264,Nagpur,CR 656,27/05/2019,36,CR 656,27/05/2019,Pustak Pedhi,Available,Samhita siddhant ,Marathi,
43,Ayurved Sanskrutam ,43,Dr. Vishwanath S. Joshi,Ayurved Sanskrutam ,250,Dhanwantari Prakashan,264,Nagpur,CR 656,27/05/2019,36,CR 656,27/05/2019,Pustak Pedhi,Available,Samhita siddhant ,Marathi,
44,Ayurved Sanskrutam ,44,Dr. Vishwanath S. Joshi,Ayurved Sanskrutam ,250,Dhanwantari Prakashan,264,Nagpur,CR 656,27/05/2019,36,CR 656,27/05/2019,Pustak Pedhi,Available,Samhita siddhant ,Marathi,
45,Ayurved Sanskrutam ,45,Dr. Vishwanath S. Joshi,Ayurved Sanskrutam ,250,Dhanwantari Prakashan,264,Nagpur,CR 656,27/05/2019,36,CR 656,27/05/2019,Pustak Pedhi,Available,Samhita siddhant ,Marathi,
46,Ayurved Sanskrutam ,46,Dr. Vishwanath S. Joshi,Ayurved Sanskrutam ,250,Dhanwantari Prakashan,264,Nagpur,CR 656,27/05/2019,36,CR 656,27/05/2019,Pustak Pedhi,Available,Samhita siddhant ,Marathi,
47,Ayurved Sanskrutam ,47,Dr. Vishwanath S. Joshi,Ayurved Sanskrutam ,250,Dhanwantari Prakashan,264,Nagpur,CR 656,27/05/2019,36,CR 656,27/05/2019,Pustak Pedhi,Available,Samhita siddhant ,Marathi,
48,Ayurved Sanskrutam ,48,Dr. Vishwanath S. Joshi,Ayurved Sanskrutam ,250,Dhanwantari Prakashan,264,Nagpur,CR 656,27/05/2019,36,CR 656,27/05/2019,Pustak Pedhi,Available,Samhita siddhant ,Marathi,
49,Ayurved Sanskrutam ,49,Dr. Vishwanath S. Joshi,Ayurved Sanskrutam ,250,Dhanwantari Prakashan,264,Nagpur,CR 656,27/05/2019,36,CR 656,27/05/2019,Pustak Pedhi,Available,Samhita siddhant ,Marathi,
50,Ayurved Sanskrutam ,50,Dr. Vishwanath S. Joshi,Ayurved Sanskrutam ,250,Dhanwantari Prakashan,264,Nagpur,CR 656,27/05/2019,36,CR 656,27/05/2019,Pustak Pedhi,Available,Samhita siddhant ,Marathi,
51,Kriya Sharir (Pratyakshit),51,Dr. Subash Ranade,Kriya Sharir (Pratyakshit),175,Profeisant prakashan,237,Pune,CR 656,27/05/2019,36,CR 656,27/05/2019,Pustak Pedhi,Available,Sharir Kriya ,Marathi,
52,Kriya Sharir (Pratyakshit),52,Dr. Subash Ranade,Kriya Sharir (Pratyakshit),175,Profeisant prakashan,237,Pune,CR 656,27/05/2019,36,CR 656,27/05/2019,Pustak Pedhi,Available,Sharir Kriya ,Marathi,
53,Kriya Sharir (Pratyakshit),53,Dr. Subash Ranade,Kriya Sharir (Pratyakshit),175,Profeisant prakashan,237,Pune,CR 656,27/05/2019,36,CR 656,27/05/2019,Pustak Pedhi,Available,Sharir Kriya ,Marathi,
54,Kriya Sharir (Pratyakshit),54,Dr. Subash Ranade,Kriya Sharir (Pratyakshit),175,Profeisant prakashan,237,Pune,CR 656,27/05/2019,36,CR 656,27/05/2019,Pustak Pedhi,Available,Sharir Kriya ,Marathi,
55,Kriya Sharir (Pratyakshit),55,Dr. Subash Ranade,Kriya Sharir (Pratyakshit),175,Profeisant prakashan,237,Pune,CR 656,27/05/2019,36,CR 656,27/05/2019,Pustak Pedhi,Available,Sharir Kriya ,Marathi,
56,Kriya Sharir (Pratyakshit),56,Dr. Subash Ranade,Kriya Sharir (Pratyakshit),175,Profeisant prakashan,237,Pune,CR 656,27/05/2019,36,CR 656,27/05/2019,Pustak Pedhi,Available,Sharir Kriya ,Marathi,
57,Kriya Sharir (Pratyakshit),57,Dr. Subash Ranade,Kriya Sharir (Pratyakshit),175,Profeisant prakashan,237,Pune,CR 656,27/05/2019,36,CR 656,27/05/2019,Pustak Pedhi,Available,Sharir Kriya ,Marathi,
58,Kriya Sharir (Pratyakshit),58,Dr. Subash Ranade,Kriya Sharir (Pratyakshit),175,Profeisant prakashan,237,Pune,CR 656,27/05/2019,36,CR 656,27/05/2019,Pustak Pedhi,Available,Sharir Kriya ,Marathi,
59,Kriya Sharir (Pratyakshit),59,Dr. Subash Ranade,Kriya Sharir (Pratyakshit),175,Profeisant prakashan,237,Pune,CR 656,27/05/2019,36,CR 656,27/05/2019,Pustak Pedhi,Available,Sharir Kriya ,Marathi,
60,Kriya Sharir (Pratyakshit),60,Dr. Subash Ranade,Kriya Sharir (Pratyakshit),175,Profeisant prakashan,237,Pune,CR 656,27/05/2019,36,CR 656,27/05/2019,Pustak Pedhi,Available,Sharir Kriya ,Marathi,
61,Kriya Sharir Part -1,61,Vd. D.T.Kodape,Kriya Sharir Part -1,270,Dhanwantari Prakashan,492,Nagpur,CR 656,27/05/2019,36,CR 656,27/05/2019,Pustak Pedhi,Available,Sharir Kriya ,Marathi,
62,Kriya Sharir Part -1,62,Vd. D.T.Kodape,Kriya Sharir Part -1,270,Dhanwantari Prakashan,492,Nagpur,CR 656,27/05/2019,36,CR 656,27/05/2019,Pustak Pedhi,Available,Sharir Kriya ,Marathi,
63,Kriya Sharir Part -1,63,Vd. D.T.Kodape,Kriya Sharir Part -1,270,Dhanwantari Prakashan,492,Nagpur,CR 656,27/05/2019,36,CR 656,27/05/2019,Pustak Pedhi,Available,Sharir Kriya ,Marathi,
64,Kriya Sharir Part -1,64,Vd. D.T.Kodape,Kriya Sharir Part -1,270,Dhanwantari Prakashan,492,Nagpur,CR 656,27/05/2019,36,CR 656,27/05/2019,Pustak Pedhi,Available,Sharir Kriya ,Marathi,
65,Kriya Sharir Part -1,65,Vd. D.T.Kodape,Kriya Sharir Part -1,270,Dhanwantari Prakashan,492,Nagpur,CR 656,27/05/2019,36,CR 656,27/05/2019,Pustak Pedhi,Available,Sharir Kriya ,Marathi,
66,Kriya Sharir Part -1,66,Vd. D.T.Kodape,Kriya Sharir Part -1,270,Dhanwantari Prakashan,492,Nagpur,CR 656,27/05/2019,36,CR 656,27/05/2019,Pustak Pedhi,Available,Sharir Kriya ,Marathi,
67,Kriya Sharir Part -1,67,Vd. D.T.Kodape,Kriya Sharir Part -1,270,Dhanwantari Prakashan,492,Nagpur,CR 656,27/05/2019,36,CR 656,27/05/2019,Pustak Pedhi,Available,Sharir Kriya ,Marathi,
68,Kriya Sharir Part -1,68,Vd. D.T.Kodape,Kriya Sharir Part -1,270,Dhanwantari Prakashan,492,Nagpur,CR 656,27/05/2019,36,CR 656,27/05/2019,Pustak Pedhi,Available,Sharir Kriya ,Marathi,
69,Kriya Sharir Part -1,69,Vd. D.T.Kodape,Kriya Sharir Part -1,270,Dhanwantari Prakashan,492,Nagpur,CR 656,27/05/2019,36,CR 656,27/05/2019,Pustak Pedhi,Available,Sharir Kriya ,Marathi,
70,Kriya Sharir Part -1,70,Vd. D.T.Kodape,Kriya Sharir Part -1,270,Dhanwantari Prakashan,492,Nagpur,CR 656,27/05/2019,36,CR 656,27/05/2019,Pustak Pedhi,Available,Sharir Kriya ,Marathi,
71,Kriya Sharir part-2,71,Vd. D.T.Kodape,Kriya Sharir part-2,250,Dhanwantari Prakashan,465,Nagpur,CR 656,27/05/2019,36,CR 656,27/05/2019,Pustak Pedhi,Available,Sharir Kriya ,Marathi,
72,Kriya Sharir part-2,72,Vd. D.T.Kodape,Kriya Sharir part-2,250,Dhanwantari Prakashan,465,Nagpur,CR 656,27/05/2019,36,CR 656,27/05/2019,Pustak Pedhi,Available,Sharir Kriya ,Marathi,
73,Kriya Sharir part-2,73,Vd. D.T.Kodape,Kriya Sharir part-2,250,Dhanwantari Prakashan,465,Nagpur,CR 656,27/05/2019,36,CR 656,27/05/2019,Pustak Pedhi,Available,Sharir Kriya ,Marathi,
74,Kriya Sharir part-2,74,Vd. D.T.Kodape,Kriya Sharir part-2,250,Dhanwantari Prakashan,465,Nagpur,CR 656,27/05/2019,36,CR 656,27/05/2019,Pustak Pedhi,Available,Sharir Kriya ,Marathi,
75,Kriya Sharir part-2,75,Vd. D.T.Kodape,Kriya Sharir part-2,250,Dhanwantari Prakashan,465,Nagpur,CR 656,27/05/2019,36,CR 656,27/05/2019,Pustak Pedhi,Available,Sharir Kriya ,Marathi,
76,Kriya Sharir part-2,76,Vd. D.T.Kodape,Kriya Sharir part-2,250,Dhanwantari Prakashan,465,Nagpur,CR 656,27/05/2019,36,CR 656,27/05/2019,Pustak Pedhi,Available,Sharir Kriya ,Marathi,
77,Kriya Sharir part-2,77,Vd. D.T.Kodape,Kriya Sharir part-2,250,Dhanwantari Prakashan,465,Nagpur,CR 656,27/05/2019,36,CR 656,27/05/2019,Pustak Pedhi,Available,Sharir Kriya ,Marathi,
78,Kriya Sharir part-2,78,Vd. D.T.Kodape,Kriya Sharir part-2,250,Dhanwantari Prakashan,465,Nagpur,CR 656,27/05/2019,36,CR 656,27/05/2019,Pustak Pedhi,Available,Sharir Kriya ,Marathi,
79,Kriya Sharir part-2,79,Vd. D.T.Kodape,Kriya Sharir part-2,250,Dhanwantari Prakashan,465,Nagpur,CR 656,27/05/2019,36,CR 656,27/05/2019,Pustak Pedhi,Available,Sharir Kriya ,Marathi,
80,Kriya Sharir part-2,80,Vd. D.T.Kodape,Kriya Sharir part-2,250,Dhanwantari Prakashan,465,Nagpur,CR 656,27/05/2019,36,CR 656,27/05/2019,Pustak Pedhi,Available,Sharir Kriya ,Marathi,
81,Padharth Vigyan/ Ayurved Itihas,81,Vd. Arun U. Bhatkar,Padharth Vigyan/ Ayurved Itihas,340,Meherbaba Prakashan,460,Nagpur,CR 656,27/05/2019,36,CR 656,27/05/2019,Pustak Pedhi,Available,Samhita siddhant ,Marathi,
82,Padharth Vigyan/ Ayurved Itihas,82,Vd. Arun U. Bhatkar,Padharth Vigyan/ Ayurved Itihas,340,Meherbaba Prakashan,460,Nagpur,CR 656,27/05/2019,36,CR 656,27/05/2019,Pustak Pedhi,Available,Samhita siddhant ,Marathi,
83,Padharth Vigyan/ Ayurved Itihas,83,Vd. Arun U. Bhatkar,Padharth Vigyan/ Ayurved Itihas,340,Meherbaba Prakashan,460,Nagpur,CR 656,27/05/2019,36,CR 656,27/05/2019,Pustak Pedhi,Available,Samhita siddhant ,Marathi,
84,Padharth Vigyan/ Ayurved Itihas,84,Vd. Arun U. Bhatkar,Padharth Vigyan/ Ayurved Itihas,340,Meherbaba Prakashan,460,Nagpur,CR 656,27/05/2019,36,CR 656,27/05/2019,Pustak Pedhi,Available,Samhita siddhant ,Marathi,
85,Padharth Vigyan/ Ayurved Itihas,85,Vd. Arun U. Bhatkar,Padharth Vigyan/ Ayurved Itihas,340,Meherbaba Prakashan,460,Nagpur,CR 656,27/05/2019,36,CR 656,27/05/2019,Pustak Pedhi,Available,Samhita siddhant ,Marathi,
86,Padharth Vigyan/ Ayurved Itihas,86,Vd. Arun U. Bhatkar,Padharth Vigyan/ Ayurved Itihas,340,Meherbaba Prakashan,460,Nagpur,CR 656,27/05/2019,36,CR 656,27/05/2019,Pustak Pedhi,Available,Samhita siddhant ,Marathi,
87,Padharth Vigyan/ Ayurved Itihas,87,Vd. Arun U. Bhatkar,Padharth Vigyan/ Ayurved Itihas,340,Meherbaba Prakashan,460,Nagpur,CR 656,27/05/2019,36,CR 656,27/05/2019,Pustak Pedhi,Available,Samhita siddhant ,Marathi,
88,Padharth Vigyan/ Ayurved Itihas,88,Vd. Arun U. Bhatkar,Padharth Vigyan/ Ayurved Itihas,340,Meherbaba Prakashan,460,Nagpur,CR 656,27/05/2019,36,CR 656,27/05/2019,Pustak Pedhi,Available,Samhita siddhant ,Marathi,
89,Padharth Vigyan/ Ayurved Itihas,89,Vd. Arun U. Bhatkar,Padharth Vigyan/ Ayurved Itihas,340,Meherbaba Prakashan,460,Nagpur,CR 656,27/05/2019,36,CR 656,27/05/2019,Pustak Pedhi,Available,Samhita siddhant ,Marathi,
90,Padharth Vigyan/ Ayurved Itihas,90,Vd. Arun U. Bhatkar,Padharth Vigyan/ Ayurved Itihas,340,Meherbaba Prakashan,460,Nagpur,CR 656,27/05/2019,36,CR 656,27/05/2019,Pustak Pedhi,Available,Samhita siddhant ,Marathi,
91,Rachna Sharir volume-1,91, Dr. Pratibha Shimpi,Rachna Sharir volume-1,450,Dhanwantari Prakashan,338,Nagpur,CR 656,27/05/2019,36,CR 656,27/05/2019,Pustak Pedhi,Available,Rachna Sharir ,Marathi,
92,Rachna Sharir volume-1,92, Dr. Pratibha Shimpi,Rachna Sharir volume-1,450,Dhanwantari Prakashan,338,Nagpur,CR 656,27/05/2019,36,CR 656,27/05/2019,Pustak Pedhi,Available,Rachna Sharir ,Marathi,
93,Rachna Sharir volume-1,93, Dr. Pratibha Shimpi,Rachna Sharir volume-1,450,Dhanwantari Prakashan,338,Nagpur,CR 656,27/05/2019,36,CR 656,27/05/2019,Pustak Pedhi,Available,Rachna Sharir ,Marathi,
94,Rachna Sharir Volume -2,94, Dr. Pratibha Shimpi,Rachna Sharir Volume -2,450,Dhanwantari Prakashan,344,Nagpur,CR 656,27/05/2019,36,CR 656,27/05/2019,Pustak Pedhi,Available,Rachna Sharir ,Marathi,
95,Rachna Sharir Volume -2,95, Dr. Pratibha Shimpi,Rachna Sharir Volume -2,450,Dhanwantari Prakashan,344,Nagpur,CR 656,27/05/2019,36,CR 656,27/05/2019,Pustak Pedhi,Available,Rachna Sharir ,Marathi,
96,Rachna Sharir Volume -2,96, Dr. Pratibha Shimpi,Rachna Sharir Volume -2,450,Dhanwantari Prakashan,344,Nagpur,CR 656,27/05/2019,36,CR 656,27/05/2019,Pustak Pedhi,Available,Rachna Sharir ,Marathi,
97,Pandey'S Ayurvedarth  ANATOMY,97,Dr. vinay Pandey/ Dr. Suresh B. Katre,Pandey'S Ayurvedarth  ANATOMY,610,Aquarius Publication,442,Nagpur,CR 656,27/05/2019,36,CR 656,27/05/2019,Pustak Pedhi,Available,Rachna Sharir ,Marathi,
98,Pandey'S Ayurvedarth  ANATOMY,98,Dr. vinay Pandey/ Dr. Suresh B. Katre,Pandey'S Ayurvedarth  ANATOMY,610,Aquarius Publication,442,Nagpur,CR 656,27/05/2019,36,CR 656,27/05/2019,Pustak Pedhi,Available,Rachna Sharir ,Marathi,
99,Pandey'S Ayurvedarth  ANATOMY,99,Dr. vinay Pandey/ Dr. Suresh B. Katre,Pandey'S Ayurvedarth  ANATOMY,610,Aquarius Publication,442,Nagpur,CR 656,27/05/2019,36,CR 656,27/05/2019,Pustak Pedhi,Available,Rachna Sharir ,Marathi,
100,Pandey'S Ayurvedarth  ANATOMY,100,Dr. vinay Pandey/ Dr. Suresh B. Katre,Pandey'S Ayurvedarth  ANATOMY,610,Aquarius Publication,442,Nagpur,CR 656,27/05/2019,36,CR 656,27/05/2019,Pustak Pedhi,Available,Rachna Sharir ,Marathi,
101,Pandey'S Ayurvedarth  ANATOMY,101,Dr. vinay Pandey/ Dr. Suresh B. Katre,Pandey'S Ayurvedarth  ANATOMY,610,Aquarius Publication,442,Nagpur,CR 656,27/05/2019,36,CR 656,27/05/2019,Pustak Pedhi,Available,Rachna Sharir ,Marathi,
102,Pandey'S Ayurvedarth  ANATOMY,102,Dr. vinay Pandey/ Dr. Suresh B. Katre,Pandey'S Ayurvedarth  ANATOMY,610,Aquarius Publication,442,Nagpur,CR 656,27/05/2019,36,CR 656,27/05/2019,Pustak Pedhi,Available,Rachna Sharir ,Marathi,
103,Pandey'S Ayurvedarth  ANATOMY,103,Dr. vinay Pandey/ Dr. Suresh B. Katre,Pandey'S Ayurvedarth  ANATOMY,610,Aquarius Publication,442,Nagpur,CR 656,27/05/2019,36,CR 656,27/05/2019,Pustak Pedhi,Available,Rachna Sharir ,Marathi,
104,Maulik Siddhant v Dhrusharth Ashtang Hridyam,104,Dr.B.M.Bhalme,Maulik Siddhant v Dhrusharth Ashtang Hridyam,300,Dhanwantari Prakashan,469,Nagpur,CR 656,27/05/2019,36,CR 656,27/05/2019,Pustak Pedhi,Available,Samhita siddhant ,Marathi,
105,Maulik Siddhant v Dhrusharth Ashtang Hridyam,105,Dr.B.M.Bhalme,Maulik Siddhant v Dhrusharth Ashtang Hridyam,300,Dhanwantari Prakashan,469,Nagpur,CR 656,27/05/2019,36,CR 656,27/05/2019,Pustak Pedhi,Available,Samhita siddhant ,Marathi,
106,Maulik Siddhant v Dhrusharth Ashtang Hridyam,106,Dr.B.M.Bhalme,Maulik Siddhant v Dhrusharth Ashtang Hridyam,300,Dhanwantari Prakashan,469,Nagpur,CR 656,27/05/2019,36,CR 656,27/05/2019,Pustak Pedhi,Available,Samhita siddhant ,Marathi,
107,Maulik Siddhant v Dhrusharth Ashtang Hridyam,107,Dr.B.M.Bhalme,Maulik Siddhant v Dhrusharth Ashtang Hridyam,300,Dhanwantari Prakashan,469,Nagpur,CR 656,27/05/2019,36,CR 656,27/05/2019,Pustak Pedhi,Available,Samhita siddhant ,Marathi,
108,Maulik Siddhant v Dhrusharth Ashtang Hridyam,108,Dr.B.M.Bhalme,Maulik Siddhant v Dhrusharth Ashtang Hridyam,300,Dhanwantari Prakashan,469,Nagpur,CR 656,27/05/2019,36,CR 656,27/05/2019,Pustak Pedhi,Available,Samhita siddhant ,Marathi,
109,Maulik Siddhant v Dhrusharth Ashtang Hridyam,109,Dr.B.M.Bhalme,Maulik Siddhant v Dhrusharth Ashtang Hridyam,300,Dhanwantari Prakashan,469,Nagpur,CR 656,27/05/2019,36,CR 656,27/05/2019,Pustak Pedhi,Available,Samhita siddhant ,Marathi,
110,Maulik Siddhant v Dhrusharth Ashtang Hridyam,110,Dr.B.M.Bhalme,Maulik Siddhant v Dhrusharth Ashtang Hridyam,300,Dhanwantari Prakashan,469,Nagpur,CR 656,27/05/2019,36,CR 656,27/05/2019,Pustak Pedhi,Available,Samhita siddhant ,Marathi,
11,Maulik Siddhant v Dhrusharth Ashtang Hridyam,11,Dr.B.M.Bhalme,Maulik Siddhant v Dhrusharth Ashtang Hridyam,300,Dhanwantari Prakashan,469,Nagpur,CR 656,27/05/2019,36,CR 656,27/05/2019,Pustak Pedhi,Available,Samhita siddhant ,Marathi,
112,Maulik Siddhant v Dhrusharth Ashtang Hridyam,112,Dr.B.M.Bhalme,Maulik Siddhant v Dhrusharth Ashtang Hridyam,300,Dhanwantari Prakashan,469,Nagpur,CR 656,27/05/2019,36,CR 656,27/05/2019,Pustak Pedhi,Available,Samhita siddhant ,Marathi,
113,Maulik Siddhant v Dhrusharth Ashtang Hridyam,113,Dr.B.M.Bhalme,Maulik Siddhant v Dhrusharth Ashtang Hridyam,300,Dhanwantari Prakashan,469,Nagpur,CR 656,27/05/2019,36,CR 656,27/05/2019,Pustak Pedhi,Available,Samhita siddhant ,Marathi,
114,Human Anatomy vol.1,114,B.D. Chaurasia,Human Anatomy vol.1,220,CBS publishers,328,Mumbai,CR 656,27/05/2019,36,CR 656,27/05/2019,Pustak Pedhi,Available,Rachna Sharir ,English,
115,Human Anatomy vol.1,115,B.D. Chaurasia,Human Anatomy vol.1,220,CBS publishers,328,Mumbai,CR 656,27/05/2019,36,CR 656,27/05/2019,Pustak Pedhi,Available,Rachna Sharir ,English,
116,Human Anatomy vol.2,116,B.D. Chaurasia,Human Anatomy vol.2,340,CBS publishers,490,Mumbai,CR 656,27/05/2019,36,CR 656,27/05/2019,Pustak Pedhi,Available,Rachna Sharir ,English,
117,Human Anatomy vol.2,117,B.D. Chaurasia,Human Anatomy vol.2,340,CBS publishers,490,Mumbai,CR 656,27/05/2019,36,CR 656,27/05/2019,Pustak Pedhi,Available,Rachna Sharir ,English,
118,Human Anatomy vol.3,118,B.D. Chaurasia,Human Anatomy vol.3,375,CBS publishers,362,Mumbai,CR 656,27/05/2019,36,CR 656,27/05/2019,Pustak Pedhi,Available,Rachna Sharir ,English,
119,Human Anatomy vol.3,119,B.D. Chaurasia,Human Anatomy vol.3,375,CBS publishers,362,Mumbai,CR 656,27/05/2019,36,CR 656,27/05/2019,Pustak Pedhi,Available,Rachna Sharir ,English,
120,Human Anatomy vol.4,120,B.D. Chaurasia,Human Anatomy vol.4,375,CBS publishers,224,Mumbai,CR 656,27/05/2019,36,CR 656,27/05/2019,Pustak Pedhi,Available,Rachna Sharir ,English,
121,Human Anatomy vol.4,121,B.D. Chaurasia,Human Anatomy vol.4,375,CBS publishers,224,Mumbai,CR 656,27/05/2019,36,CR 656,27/05/2019,Pustak Pedhi,Available,Rachna Sharir ,English,
122,Human Physiology-1,122,C.C.Chattargee,Human Physiology-1,695,CBS publishers,574,Mumbai,CR 656,27/05/2019,36,CR 656,27/05/2019,Pustak Pedhi,Available,Kriya Sharir,English,
123,Human Physiology-1,123,C.C.Chattargee,Human Physiology-1,695,CBS publishers,574,Mumbai,CR 656,27/05/2019,36,CR 656,27/05/2019,Pustak Pedhi,Available,Kriya Sharir,English,
124,Human Physiology-1,124,C.C.Chattargee,Human Physiology-1,695,CBS publishers,574,Mumbai,CR 656,27/05/2019,36,CR 656,27/05/2019,Pustak Pedhi,Available,Kriya Sharir,English,
125,Human Physiology-1,125,C.C.Chattargee,Human Physiology-1,695,CBS publishers,574,Mumbai,CR 656,27/05/2019,36,CR 656,27/05/2019,Pustak Pedhi,Available,Kriya Sharir,English,
126,Human Physiology-1,126,C.C.Chattargee,Human Physiology-1,695,CBS publishers,574,Mumbai,CR 656,27/05/2019,36,CR 656,27/05/2019,Pustak Pedhi,Available,Kriya Sharir,English,
127,Human Physiology-2,127,C.C.Chattargee,Human Physiology-2,675,CBS publishers,510,Mumbai,CR 656,27/05/2019,36,CR 656,27/05/2019,Pustak Pedhi,Available,Kriya Sharir,English,
128,Human Physiology-2,128,C.C.Chattargee,Human Physiology-2,675,CBS publishers,510,Mumbai,CR 656,27/05/2019,36,CR 656,27/05/2019,Pustak Pedhi,Available,Kriya Sharir,English,
129,Human Physiology-2,129,C.C.Chattargee,Human Physiology-2,675,CBS publishers,510,Mumbai,CR 656,27/05/2019,36,CR 656,27/05/2019,Pustak Pedhi,Available,Kriya Sharir,English,
130,Human Physiology-2,130,C.C.Chattargee,Human Physiology-2,675,CBS publishers,510,Mumbai,CR 656,27/05/2019,36,CR 656,27/05/2019,Pustak Pedhi,Available,Kriya Sharir,English,
131,Human Physiology-2,131,C.C.Chattargee,Human Physiology-2,675,CBS publishers,510,Mumbai,CR 656,27/05/2019,36,CR 656,27/05/2019,Pustak Pedhi,Available,Kriya Sharir,English,
132,Bhaishajyakalpana,132,Vd.Omprakash Tadokar,Bhaishajyakalpana,160,Shantanu Prakashan,296,Ahemadnagar,CR 656,27/05/2019,37,CR 656,27/05/2019,Pustak Pedhi,Available,Rasshashtra,Marathi,
133,Bhaishajyakalpana,133,Vd.Omprakash Tadokar,Bhaishajyakalpana,160,Shantanu Prakashan,296,Ahemadnagar,CR 656,27/05/2019,37,CR 656,27/05/2019,Pustak Pedhi,Available,Rasshashtra,Marathi,
134,Bhaishajyakalpana,134,Vd.Omprakash Tadokar,Bhaishajyakalpana,160,Shantanu Prakashan,296,Ahemadnagar,CR 656,27/05/2019,37,CR 656,27/05/2019,Pustak Pedhi,Available,Rasshashtra,Marathi,
135,Bhaishajyakalpana,135,Vd.Omprakash Tadokar,Bhaishajyakalpana,160,Shantanu Prakashan,296,Ahemadnagar,CR 656,27/05/2019,37,CR 656,27/05/2019,Pustak Pedhi,Available,Rasshashtra,Marathi,
136,Bhaishajyakalpana,136,Vd.Omprakash Tadokar,Bhaishajyakalpana,160,Shantanu Prakashan,296,Ahemadnagar,CR 656,27/05/2019,37,CR 656,27/05/2019,Pustak Pedhi,Available,Rasshashtra,Marathi,
137,Bhaishajyakalpana,137,Vd.Omprakash Tadokar,Bhaishajyakalpana,160,Shantanu Prakashan,296,Ahemadnagar,CR 656,27/05/2019,37,CR 656,27/05/2019,Pustak Pedhi,Available,Rasshashtra,Marathi,
138,Bhaishajyakalpana,138,Vd.Omprakash Tadokar,Bhaishajyakalpana,160,Shantanu Prakashan,296,Ahemadnagar,CR 656,27/05/2019,37,CR 656,27/05/2019,Pustak Pedhi,Available,Rasshashtra,Marathi,
139,Bhaishajyakalpana,139,Vd.Omprakash Tadokar,Bhaishajyakalpana,160,Shantanu Prakashan,296,Ahemadnagar,CR 656,27/05/2019,37,CR 656,27/05/2019,Pustak Pedhi,Available,Rasshashtra,Marathi,
140,Bhaishajyakalpana,140,Vd.Omprakash Tadokar,Bhaishajyakalpana,160,Shantanu Prakashan,296,Ahemadnagar,CR 656,27/05/2019,37,CR 656,27/05/2019,Pustak Pedhi,Available,Rasshashtra,Marathi,
141,Bhaishajyakalpana,141,Vd.Omprakash Tadokar,Bhaishajyakalpana,160,Shantanu Prakashan,296,Ahemadnagar,CR 656,27/05/2019,37,CR 656,27/05/2019,Pustak Pedhi,Available,Rasshashtra,Marathi,
142,Rasshashtra,142,Vd.Vinod Sathe,Rasshashtra,250,Shantanu Prakashan,432,Ahemadnagar,CR 656,27/05/2019,37,CR 656,27/05/2019,Pustak Pedhi,Available,Rasshashtra,Marathi,
143,Rasshashtra,143,Vd.Vinod Sathe,Rasshashtra,250,Shantanu Prakashan,432,Ahemadnagar,CR 656,27/05/2019,37,CR 656,27/05/2019,Pustak Pedhi,Available,Rasshashtra,Marathi,
144,Rasshashtra,144,Vd.Vinod Sathe,Rasshashtra,250,Shantanu Prakashan,432,Ahemadnagar,CR 656,27/05/2019,37,CR 656,27/05/2019,Pustak Pedhi,Available,Rasshashtra,Marathi,
145,Rasshashtra,145,Vd.Vinod Sathe,Rasshashtra,250,Shantanu Prakashan,432,Ahemadnagar,CR 656,27/05/2019,37,CR 656,27/05/2019,Pustak Pedhi,Available,Rasshashtra,Marathi,
146,Rasshashtra,146,Vd.Vinod Sathe,Rasshashtra,250,Shantanu Prakashan,432,Ahemadnagar,CR 656,27/05/2019,37,CR 656,27/05/2019,Pustak Pedhi,Available,Rasshashtra,Marathi,
147,Rasshashtra,147,Vd.Vinod Sathe,Rasshashtra,250,Shantanu Prakashan,432,Ahemadnagar,CR 656,27/05/2019,37,CR 656,27/05/2019,Pustak Pedhi,Available,Rasshashtra,Marathi,
148,Rasshashtra,148,Vd.Vinod Sathe,Rasshashtra,250,Shantanu Prakashan,432,Ahemadnagar,CR 656,27/05/2019,37,CR 656,27/05/2019,Pustak Pedhi,Available,Rasshashtra,Marathi,
149,Rasshashtra,149,Vd.Vinod Sathe,Rasshashtra,250,Shantanu Prakashan,432,Ahemadnagar,CR 656,27/05/2019,37,CR 656,27/05/2019,Pustak Pedhi,Available,Rasshashtra,Marathi,
150,Rasshashtra,150,Vd.Vinod Sathe,Rasshashtra,250,Shantanu Prakashan,432,Ahemadnagar,CR 656,27/05/2019,37,CR 656,27/05/2019,Pustak Pedhi,Available,Rasshashtra,Marathi,
151,Rasshashtra,151,Vd.Vinod Sathe,Rasshashtra,250,Shantanu Prakashan,432,Ahemadnagar,CR 656,27/05/2019,37,CR 656,27/05/2019,Pustak Pedhi,Available,Rasshashtra,Marathi,
152,Rognidan Bhag-1,152,dr.Ranade/Dr.Kadaskar,Rognidan Bhag-1,210,Profeisant prakashan,556,Pune,CR 656,27/05/2019,38,CR 656,27/05/2019,Pustak Pedhi,Available,Rognidan,Marathi,
153,Rognidan Bhag-1,153,dr.Ranade/Dr.Kadaskar,Rognidan Bhag-1,210,Profeisant prakashan,556,Pune,CR 656,27/05/2019,38,CR 656,27/05/2019,Pustak Pedhi,Available,Rognidan,Marathi,
154,Rognidan Bhag-1,154,dr.Ranade/Dr.Kadaskar,Rognidan Bhag-1,210,Profeisant prakashan,556,Pune,CR 656,27/05/2019,38,CR 656,27/05/2019,Pustak Pedhi,Available,Rognidan,Marathi,
155,Rognidan Bhag-1,155,dr.Ranade/Dr.Kadaskar,Rognidan Bhag-1,210,Profeisant prakashan,556,Pune,CR 656,27/05/2019,38,CR 656,27/05/2019,Pustak Pedhi,Available,Rognidan,Marathi,
156,Rognidan Bhag-1,156,dr.Ranade/Dr.Kadaskar,Rognidan Bhag-1,210,Profeisant prakashan,556,Pune,CR 656,27/05/2019,38,CR 656,27/05/2019,Pustak Pedhi,Available,Rognidan,Marathi,
157,Rognidan Bhag-1,157,dr.Ranade/Dr.Kadaskar,Rognidan Bhag-1,210,Profeisant prakashan,556,Pune,CR 656,27/05/2019,38,CR 656,27/05/2019,Pustak Pedhi,Available,Rognidan,Marathi,
158,Rognidan Bhag-1,158,dr.Ranade/Dr.Kadaskar,Rognidan Bhag-1,210,Profeisant prakashan,556,Pune,CR 656,27/05/2019,38,CR 656,27/05/2019,Pustak Pedhi,Available,Rognidan,Marathi,
159,Rognidan Bhag-1,159,dr.Ranade/Dr.Kadaskar,Rognidan Bhag-1,210,Profeisant prakashan,556,Pune,CR 656,27/05/2019,38,CR 656,27/05/2019,Pustak Pedhi,Available,Rognidan,Marathi,
160,Rognidan Bhag-1,160,dr.Ranade/Dr.Kadaskar,Rognidan Bhag-1,210,Profeisant prakashan,556,Pune,CR 656,27/05/2019,38,CR 656,27/05/2019,Pustak Pedhi,Available,Rognidan,Marathi,
161,Rognidan Bhag-1,161,dr.Ranade/Dr.Kadaskar,Rognidan Bhag-1,210,Profeisant prakashan,556,Pune,CR 656,27/05/2019,38,CR 656,27/05/2019,Pustak Pedhi,Available,Rognidan,Marathi,
162,Rognidan Bhag-2,162,dr.Ranade/Dr.Kadaskar,Rognidan Bhag-2,180,Profeisant prakashan,454,Pune,CR 656,27/05/2019,38,CR 656,27/05/2019,Pustak Pedhi,Available,Rognidan,Marathi,
163,Rognidan Bhag-2,163,dr.Ranade/Dr.Kadaskar,Rognidan Bhag-2,180,Profeisant prakashan,454,Pune,CR 656,27/05/2019,38,CR 656,27/05/2019,Pustak Pedhi,Available,Rognidan,Marathi,
164,Rognidan Bhag-2,164,dr.Ranade/Dr.Kadaskar,Rognidan Bhag-2,180,Profeisant prakashan,454,Pune,CR 656,27/05/2019,38,CR 656,27/05/2019,Pustak Pedhi,Available,Rognidan,Marathi,
165,Rognidan Bhag-2,165,dr.Ranade/Dr.Kadaskar,Rognidan Bhag-2,180,Profeisant prakashan,454,Pune,CR 656,27/05/2019,38,CR 656,27/05/2019,Pustak Pedhi,Available,Rognidan,Marathi,
166,Rognidan Bhag-2,166,dr.Ranade/Dr.Kadaskar,Rognidan Bhag-2,180,Profeisant prakashan,454,Pune,CR 656,27/05/2019,38,CR 656,27/05/2019,Pustak Pedhi,Available,Rognidan,Marathi,
167,Rognidan Bhag-2,167,dr.Ranade/Dr.Kadaskar,Rognidan Bhag-2,180,Profeisant prakashan,454,Pune,CR 656,27/05/2019,38,CR 656,27/05/2019,Pustak Pedhi,Available,Rognidan,Marathi,
168,Rognidan Bhag-2,168,dr.Ranade/Dr.Kadaskar,Rognidan Bhag-2,180,Profeisant prakashan,454,Pune,CR 656,27/05/2019,38,CR 656,27/05/2019,Pustak Pedhi,Available,Rognidan,Marathi,
169,Rognidan Bhag-2,169,dr.Ranade/Dr.Kadaskar,Rognidan Bhag-2,180,Profeisant prakashan,454,Pune,CR 656,27/05/2019,38,CR 656,27/05/2019,Pustak Pedhi,Available,Rognidan,Marathi,
170,Rognidan Bhag-2,170,dr.Ranade/Dr.Kadaskar,Rognidan Bhag-2,180,Profeisant prakashan,454,Pune,CR 656,27/05/2019,38,CR 656,27/05/2019,Pustak Pedhi,Available,Rognidan,Marathi,
171,Rognidan Bhag-2,171,dr.Ranade/Dr.Kadaskar,Rognidan Bhag-2,180,Profeisant prakashan,454,Pune,CR 656,27/05/2019,38,CR 656,27/05/2019,Pustak Pedhi,Available,Rognidan,Marathi,
172,Dravyagunavigyan Bhag 1&2,172,Pra.Deshpande/Javdekar/Ranade,Dravyagunavigyan Bhag 1&2,700,Profeisant prakashan,1043,Pune,CR 656,27/05/2019,37,CR 656,27/05/2019,Pustak Pedhi,Available,Dravyaguna,Marathi,
173,Dravyagunavigyan Bhag 1&2,173,Pra.Deshpande/Javdekar/Ranade,Dravyagunavigyan Bhag 1&2,700,Profeisant prakashan,1043,Pune,CR 656,27/05/2019,37,CR 656,27/05/2019,Pustak Pedhi,Available,Dravyaguna,Marathi,
174,Dravyagunavigyan Bhag 1&2,174,Pra.Deshpande/Javdekar/Ranade,Dravyagunavigyan Bhag 1&2,700,Profeisant prakashan,1043,Pune,CR 656,27/05/2019,37,CR 656,27/05/2019,Pustak Pedhi,Available,Dravyaguna,Marathi,
175,Dravyagunavigyan Bhag 1&2,175,Pra.Deshpande/Javdekar/Ranade,Dravyagunavigyan Bhag 1&2,700,Profeisant prakashan,1043,Pune,CR 656,27/05/2019,37,CR 656,27/05/2019,Pustak Pedhi,Available,Dravyaguna,Marathi,
176,Dravyagunavigyan Bhag 1&2,176,Pra.Deshpande/Javdekar/Ranade,Dravyagunavigyan Bhag 1&2,700,Profeisant prakashan,1043,Pune,CR 656,27/05/2019,37,CR 656,27/05/2019,Pustak Pedhi,Available,Dravyaguna,Marathi,
177,Dravyagunavigyan Bhag 1&2,177,Pra.Deshpande/Javdekar/Ranade,Dravyagunavigyan Bhag 1&2,700,Profeisant prakashan,1043,Pune,CR 656,27/05/2019,37,CR 656,27/05/2019,Pustak Pedhi,Available,Dravyaguna,Marathi,
178,Dravyagunavigyan Bhag 1&2,178,Pra.Deshpande/Javdekar/Ranade,Dravyagunavigyan Bhag 1&2,700,Profeisant prakashan,1043,Pune,CR 656,27/05/2019,37,CR 656,27/05/2019,Pustak Pedhi,Available,Dravyaguna,Marathi,
179,Dravyagunavigyan Bhag 1&2,179,Pra.Deshpande/Javdekar/Ranade,Dravyagunavigyan Bhag 1&2,700,Profeisant prakashan,1043,Pune,CR 656,27/05/2019,37,CR 656,27/05/2019,Pustak Pedhi,Available,Dravyaguna,Marathi,
180,Dravyagunavigyan Bhag 1&2,180,Pra.Deshpande/Javdekar/Ranade,Dravyagunavigyan Bhag 1&2,700,Profeisant prakashan,1043,Pune,CR 656,27/05/2019,37,CR 656,27/05/2019,Pustak Pedhi,Available,Dravyaguna,Marathi,
181,Dravyagunavigyan Bhag 1&2,181,Pra.Deshpande/Javdekar/Ranade,Dravyagunavigyan Bhag 1&2,700,Profeisant prakashan,1043,Pune,CR 656,27/05/2019,37,CR 656,27/05/2019,Pustak Pedhi,Available,Dravyaguna,Marathi,
182,Charak Samhita part-1,182,Vd.Vijay Kale,Charak Samhita part-1,400,choukambba publishers,896,Mumbai,CR 656,27/05/2019,37,CR 656,27/05/2019,Pustak Pedhi,Available,Samhita siddhant ,Marathi,
183,Charak Samhita part-1,183,Vd.Vijay Kale,Charak Samhita part-1,400,choukambba publishers,896,Mumbai,CR 656,27/05/2019,37,CR 656,27/05/2019,Pustak Pedhi,Available,Samhita siddhant ,Marathi,
184,Charak Samhita part-1,184,Vd.Vijay Kale,Charak Samhita part-1,400,choukambba publishers,896,Mumbai,CR 656,27/05/2019,37,CR 656,27/05/2019,Pustak Pedhi,Available,Samhita siddhant ,Marathi,
185,Charak Samhita part-1,185,Vd.Vijay Kale,Charak Samhita part-1,400,choukambba publishers,896,Mumbai,CR 656,27/05/2019,37,CR 656,27/05/2019,Pustak Pedhi,Available,Samhita siddhant ,Marathi,
186,Charak Samhita part-1,186,Vd.Vijay Kale,Charak Samhita part-1,400,choukambba publishers,896,Mumbai,CR 656,27/05/2019,37,CR 656,27/05/2019,Pustak Pedhi,Available,Samhita siddhant ,Marathi,
187,Essentials of medical pharmacology,187,K.D.Tripathi,Essentials of medical pharmacology,1295,Japee Brothers bPublishers,1064,Delhi,CR 656,27/05/2019,37,CR 656,27/05/2019,Pustak Pedhi,Available,Dravyaguna,English,
188,Essentials of medical pharmacology,188,K.D.Tripathi,Essentials of medical pharmacology,1295,Japee Brothers bPublishers,1064,Delhi,CR 656,27/05/2019,37,CR 656,27/05/2019,Pustak Pedhi,Available,Dravyaguna,English,
189,Toxicology at a  Glance,189,S.K.Singhal,Toxicology at a  Glance,350,The National Book Depot,155,Mumbai,CR 656,27/05/2019,37,CR 656,27/05/2019,Pustak Pedhi,Available,Agadtantra,English,
190,Toxicology at a  Glance,190,S.K.Singhal,Toxicology at a  Glance,350,The National Book Depot,155,Mumbai,CR 656,27/05/2019,37,CR 656,27/05/2019,Pustak Pedhi,Available,Agadtantra,English,
191,Toxicology at a  Glance,191,S.K.Singhal,Toxicology at a  Glance,350,The National Book Depot,155,Mumbai,CR 656,27/05/2019,37,CR 656,27/05/2019,Pustak Pedhi,Available,Agadtantra,English,
192,Toxicology at a  Glance,192,S.K.Singhal,Toxicology at a  Glance,350,The National Book Depot,155,Mumbai,CR 656,27/05/2019,37,CR 656,27/05/2019,Pustak Pedhi,Available,Agadtantra,English,
193,Toxicology at a  Glance,193,S.K.Singhal,Toxicology at a  Glance,350,The National Book Depot,155,Mumbai,CR 656,27/05/2019,37,CR 656,27/05/2019,Pustak Pedhi,Available,Agadtantra,English,
194,Forensic Medicine & Jurisprudence,194,S.K.Singhal,Forensic Medicine & Jurisprudence,500,The National Book Depot,337,Mumbai,CR 656,27/05/2019,37,CR 656,27/05/2019,Pustak Pedhi,Available,Agadtantra,English,
195,Forensic Medicine & Jurisprudence,195,S.K.Singhal,Forensic Medicine & Jurisprudence,500,The National Book Depot,337,Mumbai,CR 656,27/05/2019,37,CR 656,27/05/2019,Pustak Pedhi,Available,Agadtantra,English,
196,Forensic Medicine & Jurisprudence,196,S.K.Singhal,Forensic Medicine & Jurisprudence,500,The National Book Depot,337,Mumbai,CR 656,27/05/2019,37,CR 656,27/05/2019,Pustak Pedhi,Available,Agadtantra,English,
197,Forensic Medicine & Jurisprudence,197,S.K.Singhal,Forensic Medicine & Jurisprudence,500,The National Book Depot,337,Mumbai,CR 656,27/05/2019,37,CR 656,27/05/2019,Pustak Pedhi,Available,Agadtantra,English,
198,Forensic Medicine & Jurisprudence,198,S.K.Singhal,Forensic Medicine & Jurisprudence,500,The National Book Depot,337,Mumbai,CR 656,27/05/2019,37,CR 656,27/05/2019,Pustak Pedhi,Available,Agadtantra,English,
199,Rasshashtra Bhaishjyakalpan Charts,199,Vd.Sathe/Vd. Mangle,Rasshashtra Bhaishjyakalpan Charts,130,Shantanu Prakashan,93,Ahemadnagar,CR 656,27/05/2019,37,CR 656,27/05/2019,Pustak Pedhi,Available,rasshashtra,Marathi,
200,Rasshashtra Bhaishjyakalpan Charts,200,Vd.Sathe/Vd. Mangle,Rasshashtra Bhaishjyakalpan Charts,130,Shantanu Prakashan,93,Ahemadnagar,CR 656,27/05/2019,37,CR 656,27/05/2019,Pustak Pedhi,Available,rasshashtra,Marathi,
201,Rasshashtra Bhaishjyakalpan Charts,201,Vd.Sathe/Vd. Mangle,Rasshashtra Bhaishjyakalpan Charts,130,Shantanu Prakashan,93,Ahemadnagar,CR 656,27/05/2019,37,CR 656,27/05/2019,Pustak Pedhi,Available,rasshashtra,Marathi,
202,Rasshashtra Bhaishjyakalpan Charts,202,Vd.Sathe/Vd. Mangle,Rasshashtra Bhaishjyakalpan Charts,130,Shantanu Prakashan,93,Ahemadnagar,CR 656,27/05/2019,37,CR 656,27/05/2019,Pustak Pedhi,Available,rasshashtra,Marathi,
203,Rasshashtra Bhaishjyakalpan Charts,203,Vd.Sathe/Vd. Mangle,Rasshashtra Bhaishjyakalpan Charts,130,Shantanu Prakashan,93,Ahemadnagar,CR 656,27/05/2019,37,CR 656,27/05/2019,Pustak Pedhi,Available,rasshashtra,Marathi,
204,Rasshashtra Bhaishjyakalpan Charts,204,Vd.Sathe/Vd. Mangle,Rasshashtra Bhaishjyakalpan Charts,130,Shantanu Prakashan,93,Ahemadnagar,CR 656,27/05/2019,37,CR 656,27/05/2019,Pustak Pedhi,Available,rasshashtra,Marathi,
205,Rasshashtra Bhaishjyakalpan Charts,205,Vd.Sathe/Vd. Mangle,Rasshashtra Bhaishjyakalpan Charts,130,Shantanu Prakashan,93,Ahemadnagar,CR 656,27/05/2019,37,CR 656,27/05/2019,Pustak Pedhi,Available,rasshashtra,Marathi,
206,Rasshashtra Bhaishjyakalpan Charts,206,Vd.Sathe/Vd. Mangle,Rasshashtra Bhaishjyakalpan Charts,130,Shantanu Prakashan,93,Ahemadnagar,CR 656,27/05/2019,37,CR 656,27/05/2019,Pustak Pedhi,Available,rasshashtra,Marathi,
207,Rasshashtra Bhaishjyakalpan Charts,207,Vd.Sathe/Vd. Mangle,Rasshashtra Bhaishjyakalpan Charts,130,Shantanu Prakashan,93,Ahemadnagar,CR 656,27/05/2019,37,CR 656,27/05/2019,Pustak Pedhi,Available,rasshashtra,Marathi,
208,Rasshashtra Bhaishjyakalpan Charts,208,Vd.Sathe/Vd. Mangle,Rasshashtra Bhaishjyakalpan Charts,130,Shantanu Prakashan,93,Ahemadnagar,CR 656,27/05/2019,37,CR 656,27/05/2019,Pustak Pedhi,Available,rasshashtra,Marathi,
209,Vyavharayurved evam vidhivaidyak,209,Dr.Ayodhyaprasad Achal,Vyavharayurved evam vidhivaidyak,290,choukambba publishers,464,Delhi,CR 656,27/05/2019,37,CR 656,27/05/2019,Pustak Pedhi,Available,Agadtantra,Hindi,
210,Vyavharayurved evam vidhivaidyak,210,Dr.Ayodhyaprasad Achal,Vyavharayurved evam vidhivaidyak,290,choukambba publishers,464,Delhi,CR 656,27/05/2019,37,CR 656,27/05/2019,Pustak Pedhi,Available,Agadtantra,Hindi,
211,Vyavharayurved evam vidhivaidyak,211,Dr.Ayodhyaprasad Achal,Vyavharayurved evam vidhivaidyak,290,choukambba publishers,464,Delhi,CR 656,27/05/2019,37,CR 656,27/05/2019,Pustak Pedhi,Available,Agadtantra,Hindi,
212,Vyavharayurved evam vidhivaidyak,212,Dr.Ayodhyaprasad Achal,Vyavharayurved evam vidhivaidyak,290,choukambba publishers,464,Delhi,CR 656,27/05/2019,37,CR 656,27/05/2019,Pustak Pedhi,Available,Agadtantra,Hindi,
213,Vyavharayurved evam vidhivaidyak,213,Dr.Ayodhyaprasad Achal,Vyavharayurved evam vidhivaidyak,290,choukambba publishers,464,Delhi,CR 656,27/05/2019,37,CR 656,27/05/2019,Pustak Pedhi,Available,Agadtantra,Hindi,
214,Vyavharayurved evam vidhivaidyak,214,Dr.Ayodhyaprasad Achal,Vyavharayurved evam vidhivaidyak,290,choukambba publishers,464,Delhi,CR 656,27/05/2019,37,CR 656,27/05/2019,Pustak Pedhi,Available,Agadtantra,Hindi,
215,Vyavharayurved evam vidhivaidyak,215,Dr.Ayodhyaprasad Achal,Vyavharayurved evam vidhivaidyak,290,choukambba publishers,464,Delhi,CR 656,27/05/2019,37,CR 656,27/05/2019,Pustak Pedhi,Available,Agadtantra,Hindi,
216,Vyavharayurved evam vidhivaidyak,216,Dr.Ayodhyaprasad Achal,Vyavharayurved evam vidhivaidyak,290,choukambba publishers,464,Delhi,CR 656,27/05/2019,37,CR 656,27/05/2019,Pustak Pedhi,Available,Agadtantra,Hindi,
217,Vyavharayurved evam vidhivaidyak,217,Dr.Ayodhyaprasad Achal,Vyavharayurved evam vidhivaidyak,290,choukambba publishers,464,Delhi,CR 656,27/05/2019,37,CR 656,27/05/2019,Pustak Pedhi,Available,Agadtantra,Hindi,
218,Vyavharayurved evam vidhivaidyak,218,Dr.Ayodhyaprasad Achal,Vyavharayurved evam vidhivaidyak,290,choukambba publishers,464,Delhi,CR 656,27/05/2019,37,CR 656,27/05/2019,Pustak Pedhi,Available,Agadtantra,Hindi,
219,Agadtantra Ayurvediya Vishavigyan,219,Dr.Ayodhyaprasad Achal,Agadtantra Ayurvediya Vishavigyan,160,Laxmi Bhargava,97,,CR 656,27/05/2019,37,CR 656,27/05/2019,Pustak Pedhi,Available,Agadtantra,Marathi,
220,Agadtantra Ayurvediya Vishavigyan,220,Dr.Ayodhyaprasad Achal,Agadtantra Ayurvediya Vishavigyan,160,Laxmi Bhargava,97,,CR 656,27/05/2019,37,CR 656,27/05/2019,Pustak Pedhi,Available,Agadtantra,Marathi,
221,Agadtantra Ayurvediya Vishavigyan,221,Dr.Ayodhyaprasad Achal,Agadtantra Ayurvediya Vishavigyan,160,Laxmi Bhargava,97,,CR 656,27/05/2019,37,CR 656,27/05/2019,Pustak Pedhi,Available,Agadtantra,Marathi,
222,Agadtantra Ayurvediya Vishavigyan,222,Dr.Ayodhyaprasad Achal,Agadtantra Ayurvediya Vishavigyan,160,Laxmi Bhargava,97,,CR 656,27/05/2019,37,CR 656,27/05/2019,Pustak Pedhi,Available,Agadtantra,Marathi,
223,Agadtantra Ayurvediya Vishavigyan,223,Dr.Ayodhyaprasad Achal,Agadtantra Ayurvediya Vishavigyan,160,Laxmi Bhargava,97,,CR 656,27/05/2019,37,CR 656,27/05/2019,Pustak Pedhi,Available,Agadtantra,Marathi,
224,Swasthvritta vigyan,224,Dr.S.k. Agrawal,Swasthvritta vigyan,315,choukambba publishers,514,varanasi,CR 656,27/05/2019,38,CR 656,27/05/2019,Pustak Pedhi,Available,Swastvritta,Hindi,
225,Swasthvritta vigyan,225,Dr.S.k. Agrawal,Swasthvritta vigyan,315,choukambba publishers,514,varanasi,CR 656,27/05/2019,38,CR 656,27/05/2019,Pustak Pedhi,Available,Swastvritta,Hindi,
226,Swasthvritta vigyan,226,Dr.S.k. Agrawal,Swasthvritta vigyan,315,choukambba publishers,514,varanasi,CR 656,27/05/2019,38,CR 656,27/05/2019,Pustak Pedhi,Available,Swastvritta,Hindi,
227,Swasthvritta vigyan,227,Dr.S.k. Agrawal,Swasthvritta vigyan,315,choukambba publishers,514,varanasi,CR 656,27/05/2019,38,CR 656,27/05/2019,Pustak Pedhi,Available,Swastvritta,Hindi,
228,Swasthvritta vigyan,228,Dr.S.k. Agrawal,Swasthvritta vigyan,315,choukambba publishers,514,varanasi,CR 656,27/05/2019,38,CR 656,27/05/2019,Pustak Pedhi,Available,Swastvritta,Hindi,
229,Swasthvritta vigyan,229,Dr.S.k. Agrawal,Swasthvritta vigyan,315,choukambba publishers,514,varanasi,CR 656,27/05/2019,38,CR 656,27/05/2019,Pustak Pedhi,Available,Swastvritta,Hindi,
230,Swasthvritta vigyan,230,Dr.S.k. Agrawal,Swasthvritta vigyan,315,choukambba publishers,514,varanasi,CR 656,27/05/2019,38,CR 656,27/05/2019,Pustak Pedhi,Available,Swastvritta,Hindi,
231,Sampoorna swasthvritta Vigyan,231,Dr.Vijay Patrikar,Sampoorna swasthvritta Vigyan,570,Dhanwantari Prakashan,707,Nagpur,CR 656,27/05/2019,38,CR 656,27/05/2019,Pustak Pedhi,Available,Swastvritta,Marathi,
232,Sampoorna swasthvritta Vigyan,232,Dr.Vijay Patrikar,Sampoorna swasthvritta Vigyan,570,Dhanwantari Prakashan,707,Nagpur,CR 656,27/05/2019,38,CR 656,27/05/2019,Pustak Pedhi,Available,Swastvritta,Marathi,
233,Sampoorna swasthvritta Vigyan,233,Dr.Vijay Patrikar,Sampoorna swasthvritta Vigyan,570,Dhanwantari Prakashan,707,Nagpur,CR 656,27/05/2019,38,CR 656,27/05/2019,Pustak Pedhi,Available,Swastvritta,Marathi,
234,Kaumarbhrityatantra -stree vigyaniya,234,Vd.N.S. Rajwade,Kaumarbhrityatantra -stree vigyaniya,300,vaidyamitra prakashan,694,Pune,CR 656,27/05/2019,38,CR 656,27/05/2019,Pustak Pedhi,Available,Kaumarbhritya,Marathi,
235,Kaumarbhrityatantra -stree vigyaniya,235,Vd.N.S. Rajwade,Kaumarbhrityatantra -stree vigyaniya,300,vaidyamitra prakashan,694,Pune,CR 656,27/05/2019,38,CR 656,27/05/2019,Pustak Pedhi,Available,Kaumarbhritya,Marathi,
236,Kaumarbhrityatantra -stree vigyaniya,236,Vd.N.S. Rajwade,Kaumarbhrityatantra -stree vigyaniya,300,vaidyamitra prakashan,694,Pune,CR 656,27/05/2019,38,CR 656,27/05/2019,Pustak Pedhi,Available,Kaumarbhritya,Marathi,
237,kaumarbhritya,237,A.j. More,kaumarbhritya,575,Adwet prakashan,864,Sangamner,CR 656,27/05/2019,38,CR 656,27/05/2019,Pustak Pedhi,Available,Kaumarbhritya,Marathi,
238,kaumarbhritya,238,A.j. More,kaumarbhritya,575,Adwet prakashan,864,Sangamner,CR 656,27/05/2019,38,CR 656,27/05/2019,Pustak Pedhi,Available,Kaumarbhritya,Marathi,
239,kaumarbhritya,239,A.j. More,kaumarbhritya,575,Adwet prakashan,864,Sangamner,CR 656,27/05/2019,38,CR 656,27/05/2019,Pustak Pedhi,Available,Kaumarbhritya,Marathi,
240,Balchikitsa,240,Dr.Dattatrya Lodhe,Balchikitsa,500,Tatvamasi prakashan,472,Ahemadnagar,CR 656,27/05/2019,38,CR 656,27/05/2019,Pustak Pedhi,Available,Kaumarbhritya,Marathi,
241,Balchikitsa,241,Dr.Dattatrya Lodhe,Balchikitsa,500,Tatvamasi prakashan,472,Ahemadnagar,CR 656,27/05/2019,38,CR 656,27/05/2019,Pustak Pedhi,Available,Kaumarbhritya,Marathi,
242,Balchikitsa,242,Dr.Dattatrya Lodhe,Balchikitsa,500,Tatvamasi prakashan,472,Ahemadnagar,CR 656,27/05/2019,38,CR 656,27/05/2019,Pustak Pedhi,Available,Kaumarbhritya,Marathi,
243,Balchikitsa,243,Dr.Dattatrya Lodhe,Balchikitsa,500,Tatvamasi prakashan,472,Ahemadnagar,CR 656,27/05/2019,38,CR 656,27/05/2019,Pustak Pedhi,Available,Kaumarbhritya,Marathi,
244,Balchikitsa,244,Dr.Dattatrya Lodhe,Balchikitsa,500,Tatvamasi prakashan,472,Ahemadnagar,CR 656,27/05/2019,38,CR 656,27/05/2019,Pustak Pedhi,Available,Kaumarbhritya,Marathi,
245,Balchikitsa,245,Dr.Dattatrya Lodhe,Balchikitsa,500,Tatvamasi prakashan,472,Ahemadnagar,CR 656,27/05/2019,38,CR 656,27/05/2019,Pustak Pedhi,Available,Kaumarbhritya,Marathi,
246,Balchikitsa,246,Dr.Dattatrya Lodhe,Balchikitsa,500,Tatvamasi prakashan,472,Ahemadnagar,CR 656,27/05/2019,38,CR 656,27/05/2019,Pustak Pedhi,Available,Kaumarbhritya,Marathi,
247,Textbook of Gyneacology,247,Hiralal Konar,Textbook of Gyneacology,895,Health sciences publisher,574,Nepal,CR 656,27/05/2019,38,CR 656,27/05/2019,Pustak Pedhi,Available,Stree-Prasutitantra,English,
248,Textbook of Gyneacology,248,Hiralal Konar,Textbook of Gyneacology,895,Health sciences publisher,574,Nepal,CR 656,27/05/2019,38,CR 656,27/05/2019,Pustak Pedhi,Available,Stree-Prasutitantra,English,
249,Textbook of Gyneacology,249,Hiralal Konar,Textbook of Gyneacology,895,Health sciences publisher,574,Nepal,CR 656,27/05/2019,38,CR 656,27/05/2019,Pustak Pedhi,Available,Stree-Prasutitantra,English,
250,Textbook of Gyneacology,250,Hiralal Konar,Textbook of Gyneacology,895,Health sciences publisher,574,Nepal,CR 656,27/05/2019,38,CR 656,27/05/2019,Pustak Pedhi,Available,Stree-Prasutitantra,English,
251,Textbook of obstetrics,251,Hiralal Konar,Textbook of obstetrics,1150,Health sciences publisher,659,Nepal,CR 656,27/05/2019,38,CR 656,27/05/2019,Pustak Pedhi,Available,Stree-Prasutitantra,English,
252,Textbook of obstetrics,252,Hiralal Konar,Textbook of obstetrics,1150,Health sciences publisher,659,Nepal,CR 656,27/05/2019,38,CR 656,27/05/2019,Pustak Pedhi,Available,Stree-Prasutitantra,English,
253,Textbook of obstetrics,253,Hiralal Konar,Textbook of obstetrics,1150,Health sciences publisher,659,Nepal,CR 656,27/05/2019,38,CR 656,27/05/2019,Pustak Pedhi,Available,Stree-Prasutitantra,English,
254,Textbook of obstetrics,254,Hiralal Konar,Textbook of obstetrics,1150,Health sciences publisher,659,Nepal,CR 656,27/05/2019,38,CR 656,27/05/2019,Pustak Pedhi,Available,Stree-Prasutitantra,English,
255,Panchkarma Sangrah,255,Dr.Manoj Shamkuwar,Panchkarma Sangrah,360,Dhanwantari Prakashan,391,Nagpur,CR 656,27/05/2019,39,CR 656,27/05/2019,Pustak Pedhi,Available,Panchkarma,Marathi,
256,Panchkarma Sangrah,256,Dr.Manoj Shamkuwar,Panchkarma Sangrah,360,Dhanwantari Prakashan,391,Nagpur,CR 656,27/05/2019,39,CR 656,27/05/2019,Pustak Pedhi,Available,Panchkarma,Marathi,
257,Panchkarma Sangrah,257,Dr.Manoj Shamkuwar,Panchkarma Sangrah,360,Dhanwantari Prakashan,391,Nagpur,CR 656,27/05/2019,39,CR 656,27/05/2019,Pustak Pedhi,Available,Panchkarma,Marathi,
258,Ayurvaidiya Panchkarma Vigyan,258,Vd. Shridhar Kasture,Ayurvaidiya Panchkarma Vigyan,220,Baidhyanath publishers,712,Nagpur,CR 656,27/05/2019,39,CR 656,27/05/2019,Pustak Pedhi,Available,Panchkarma,Hindi,
259,Ayurvaidiya Panchkarma Vigyan,259,Vd. Shridhar Kasture,Ayurvaidiya Panchkarma Vigyan,220,Baidhyanath publishers,712,Nagpur,CR 656,27/05/2019,39,CR 656,27/05/2019,Pustak Pedhi,Available,Panchkarma,Hindi,
260,Ayurvaidiya Panchkarma Vigyan,260,Vd. Shridhar Kasture,Ayurvaidiya Panchkarma Vigyan,220,Baidhyanath publishers,712,Nagpur,CR 656,27/05/2019,39,CR 656,27/05/2019,Pustak Pedhi,Available,Panchkarma,Hindi,
261,Ayurvaidiya Panchkarma Vigyan,261,Vd. Shridhar Kasture,Ayurvaidiya Panchkarma Vigyan,220,Baidhyanath publishers,712,Nagpur,CR 656,27/05/2019,39,CR 656,27/05/2019,Pustak Pedhi,Available,Panchkarma,Hindi,
262,Ayurvaidiya Panchkarma Vigyan,262,Vd. Shridhar Kasture,Ayurvaidiya Panchkarma Vigyan,220,Baidhyanath publishers,712,Nagpur,CR 656,27/05/2019,39,CR 656,27/05/2019,Pustak Pedhi,Available,Panchkarma,Hindi,
263,Ayurvaidiya Panchkarma Vigyan,263,Vd. Shridhar Kasture,Ayurvaidiya Panchkarma Vigyan,220,Baidhyanath publishers,712,Nagpur,CR 656,27/05/2019,39,CR 656,27/05/2019,Pustak Pedhi,Available,Panchkarma,Hindi,
264,Ayurvaidiya Panchkarma Vigyan,264,Vd. Shridhar Kasture,Ayurvaidiya Panchkarma Vigyan,220,Baidhyanath publishers,712,Nagpur,CR 656,27/05/2019,39,CR 656,27/05/2019,Pustak Pedhi,Available,Panchkarma,Hindi,
265,Charak Samhita part-2,265,Vijayshankar Kade,Charak Samhita part-2,450,choukambba publishers,1036,Mumbai,CR 656,27/05/2019,38,CR 656,27/05/2019,Pustak Pedhi,Available,Samhita siddhant ,Marathi,
266,Charak Samhita part-2,266,Vijayshankar Kade,Charak Samhita part-2,450,choukambba publishers,1036,Mumbai,CR 656,27/05/2019,38,CR 656,27/05/2019,Pustak Pedhi,Available,Samhita siddhant ,Marathi,
267,Charak Samhita part-2,267,Vijayshankar Kade,Charak Samhita part-2,450,choukambba publishers,1036,Mumbai,CR 656,27/05/2019,38,CR 656,27/05/2019,Pustak Pedhi,Available,Samhita siddhant ,Marathi,
268,Charak Samhita part-2,268,Vijayshankar Kade,Charak Samhita part-2,450,choukambba publishers,1036,Mumbai,CR 656,27/05/2019,38,CR 656,27/05/2019,Pustak Pedhi,Available,Samhita siddhant ,Marathi,
269,Charak Samhita part-2,269,Vijayshankar Kade,Charak Samhita part-2,450,choukambba publishers,1036,Mumbai,CR 656,27/05/2019,38,CR 656,27/05/2019,Pustak Pedhi,Available,Samhita siddhant ,Marathi,
270,GHAI Essentials Pedriatics,270,"Vinod Paul,Arvind Bagga",GHAI Essentials Pedriatics,1095,CBS publishers,798,Mumbai,CR 656,27/05/2019,38,CR 656,27/05/2019,Pustak Pedhi,Available,Kaumarbhritya,English,
271,GHAI Essentials Pedriatics,271,"Vinod Paul,Arvind Bagga",GHAI Essentials Pedriatics,1095,CBS publishers,798,Mumbai,CR 656,27/05/2019,38,CR 656,27/05/2019,Pustak Pedhi,Available,Kaumarbhritya,English,
272,GHAI Essentials Pedriatics,272,"Vinod Paul,Arvind Bagga",GHAI Essentials Pedriatics,1095,CBS publishers,798,Mumbai,CR 656,27/05/2019,38,CR 656,27/05/2019,Pustak Pedhi,Available,Kaumarbhritya,English,
273,GHAI Essentials Pedriatics,273,"Vinod Paul,Arvind Bagga",GHAI Essentials Pedriatics,1095,CBS publishers,798,Mumbai,CR 656,27/05/2019,38,CR 656,27/05/2019,Pustak Pedhi,Available,Kaumarbhritya,English,
274,Kaychikitsa paper-1,274,Dr.S.K. jaiswal,Kaychikitsa paper-1,250,Rashtrasant publishers,422,Yawatmal,CR 656,27/05/2019,39,CR 656,27/05/2019,Pustak Pedhi,Available,Kaychikitsa,Marathi,
275,Kaychikitsa paper-1,275,Dr.S.K. jaiswal,Kaychikitsa paper-1,250,Rashtrasant publishers,422,Yawatmal,CR 656,27/05/2019,39,CR 656,27/05/2019,Pustak Pedhi,Available,Kaychikitsa,Marathi,
276,Kaychikitsa paper-1,276,Dr.S.K. jaiswal,Kaychikitsa paper-1,250,Rashtrasant publishers,422,Yawatmal,CR 656,27/05/2019,39,CR 656,27/05/2019,Pustak Pedhi,Available,Kaychikitsa,Marathi,
277,Kaychikitsa paper-1,277,Dr.S.K. jaiswal,Kaychikitsa paper-1,250,Rashtrasant publishers,422,Yawatmal,CR 656,27/05/2019,39,CR 656,27/05/2019,Pustak Pedhi,Available,Kaychikitsa,Marathi,
278,Kaychikitsa paper-1,278,Dr.S.K. jaiswal,Kaychikitsa paper-1,250,Rashtrasant publishers,422,Yawatmal,CR 656,27/05/2019,39,CR 656,27/05/2019,Pustak Pedhi,Available,Kaychikitsa,Marathi,
279,Kaychikitsa paper-1,279,Dr.S.K. jaiswal,Kaychikitsa paper-1,250,Rashtrasant publishers,422,Yawatmal,CR 656,27/05/2019,39,CR 656,27/05/2019,Pustak Pedhi,Available,Kaychikitsa,Marathi,
280,Kaychikitsa paper-1,280,Dr.S.K. jaiswal,Kaychikitsa paper-1,250,Rashtrasant publishers,422,Yawatmal,CR 656,27/05/2019,39,CR 656,27/05/2019,Pustak Pedhi,Available,Kaychikitsa,Marathi,
281,Kaychikitsa paper-1,281,Dr.S.K. jaiswal,Kaychikitsa paper-1,250,Rashtrasant publishers,422,Yawatmal,CR 656,27/05/2019,39,CR 656,27/05/2019,Pustak Pedhi,Available,Kaychikitsa,Marathi,
282,Kaychikitsa paper-1,282,Dr.S.K. jaiswal,Kaychikitsa paper-1,250,Rashtrasant publishers,422,Yawatmal,CR 656,27/05/2019,39,CR 656,27/05/2019,Pustak Pedhi,Available,Kaychikitsa,Marathi,
283,Kaychikitsa paper-1,283,Dr.S.K. jaiswal,Kaychikitsa paper-1,250,Rashtrasant publishers,422,Yawatmal,CR 656,27/05/2019,39,CR 656,27/05/2019,Pustak Pedhi,Available,Kaychikitsa,Marathi,
284,Kayachikitsa,284,Vd.Y.G. Joshi,Kayachikitsa,450,Sampada Publishers,672,Pune,CR 656,27/05/2019,39,CR 656,27/05/2019,Pustak Pedhi,Available,Kaychikitsa,Marathi,
285,Kayachikitsa,285,Vd.Y.G. Joshi,Kayachikitsa,450,Sampada Publishers,672,Pune,CR 656,27/05/2019,39,CR 656,27/05/2019,Pustak Pedhi,Available,Kaychikitsa,Marathi,
286,Kayachikitsa,286,Vd.Y.G. Joshi,Kayachikitsa,450,Sampada Publishers,672,Pune,CR 656,27/05/2019,39,CR 656,27/05/2019,Pustak Pedhi,Available,Kaychikitsa,Marathi,
287,Kayachikitsa,287,Vd.Y.G. Joshi,Kayachikitsa,450,Sampada Publishers,672,Pune,CR 656,27/05/2019,39,CR 656,27/05/2019,Pustak Pedhi,Available,Kaychikitsa,Marathi,
288,Kayachikitsa,288,Vd.Y.G. Joshi,Kayachikitsa,450,Sampada Publishers,672,Pune,CR 656,27/05/2019,39,CR 656,27/05/2019,Pustak Pedhi,Available,Kaychikitsa,Marathi,
289,Kayachikitsa,289,Vd.Y.G. Joshi,Kayachikitsa,450,Sampada Publishers,672,Pune,CR 656,27/05/2019,39,CR 656,27/05/2019,Pustak Pedhi,Available,Kaychikitsa,Marathi,
290,Kayachikitsa,290,Vd.Y.G. Joshi,Kayachikitsa,450,Sampada Publishers,672,Pune,CR 656,27/05/2019,39,CR 656,27/05/2019,Pustak Pedhi,Available,Kaychikitsa,Marathi,
291,Kayachikitsa,291,Vd.Y.G. Joshi,Kayachikitsa,450,Sampada Publishers,672,Pune,CR 656,27/05/2019,39,CR 656,27/05/2019,Pustak Pedhi,Available,Kaychikitsa,Marathi,
292,Kayachikitsa,292,Vd.Y.G. Joshi,Kayachikitsa,450,Sampada Publishers,672,Pune,CR 656,27/05/2019,39,CR 656,27/05/2019,Pustak Pedhi,Available,Kaychikitsa,Marathi,
293,Kayachikitsa,293,Vd.Y.G. Joshi,Kayachikitsa,450,Sampada Publishers,672,Pune,CR 656,27/05/2019,39,CR 656,27/05/2019,Pustak Pedhi,Available,Kaychikitsa,Marathi,
294,Netrarog Vigyan,294,Dr. N.Vidhvans,Netrarog Vigyan,340,Vimal Publication,436,Nashik,CR 656,27/05/2019,39,CR 656,27/05/2019,Pustak Pedhi,Available,Shalakyatantra,Marathi,
295,Netrarog Vigyan,295,Dr. N.Vidhvans,Netrarog Vigyan,340,Vimal Publication,436,Nashik,CR 656,27/05/2019,39,CR 656,27/05/2019,Pustak Pedhi,Available,Shalakyatantra,Marathi,
296,Netrarog Vigyan,296,Dr. N.Vidhvans,Netrarog Vigyan,340,Vimal Publication,436,Nashik,CR 656,27/05/2019,39,CR 656,27/05/2019,Pustak Pedhi,Available,Shalakyatantra,Marathi,
297,Netrarog Vigyan,297,Dr. N.Vidhvans,Netrarog Vigyan,340,Vimal Publication,436,Nashik,CR 656,27/05/2019,39,CR 656,27/05/2019,Pustak Pedhi,Available,Shalakyatantra,Marathi,
298,Netrarog Vigyan,298,Dr. N.Vidhvans,Netrarog Vigyan,340,Vimal Publication,436,Nashik,CR 656,27/05/2019,39,CR 656,27/05/2019,Pustak Pedhi,Available,Shalakyatantra,Marathi,
299,Netrarog Vigyan,299,Dr. N.Vidhvans,Netrarog Vigyan,340,Vimal Publication,436,Nashik,CR 656,27/05/2019,39,CR 656,27/05/2019,Pustak Pedhi,Available,Shalakyatantra,Marathi,
300,Netrarog Vigyan,300,Dr. N.Vidhvans,Netrarog Vigyan,340,Vimal Publication,436,Nashik,CR 656,27/05/2019,39,CR 656,27/05/2019,Pustak Pedhi,Available,Shalakyatantra,Marathi,
301,Netrarog Vigyan,301,Dr. N.Vidhvans,Netrarog Vigyan,340,Vimal Publication,436,Nashik,CR 656,27/05/2019,39,CR 656,27/05/2019,Pustak Pedhi,Available,Shalakyatantra,Marathi,
302,Netrarog Vigyan,302,Dr. N.Vidhvans,Netrarog Vigyan,340,Vimal Publication,436,Nashik,CR 656,27/05/2019,39,CR 656,27/05/2019,Pustak Pedhi,Available,Shalakyatantra,Marathi,
303,Netrarog Vigyan,303,Dr. N.Vidhvans,Netrarog Vigyan,340,Vimal Publication,436,Nashik,CR 656,27/05/2019,39,CR 656,27/05/2019,Pustak Pedhi,Available,Shalakyatantra,Marathi,
304,"Shiro-Karna-Nasa,Mukhrog",304,Dr. N.Vidhvans,"Shiro-Karna-Nasa,Mukhrog",280,Vimal Publication,343,Nashik,CR 656,27/05/2019,39,CR 656,27/05/2019,Pustak Pedhi,Available,Shalakyatantra,Marathi,
305,"Shiro-Karna-Nasa,Mukhrog",305,Dr. N.Vidhvans,"Shiro-Karna-Nasa,Mukhrog",280,Vimal Publication,343,Nashik,CR 656,27/05/2019,39,CR 656,27/05/2019,Pustak Pedhi,Available,Shalakyatantra,Marathi,
306,"Shiro-Karna-Nasa,Mukhrog",306,Dr. N.Vidhvans,"Shiro-Karna-Nasa,Mukhrog",280,Vimal Publication,343,Nashik,CR 656,27/05/2019,39,CR 656,27/05/2019,Pustak Pedhi,Available,Shalakyatantra,Marathi,
307,"Shiro-Karna-Nasa,Mukhrog",307,Dr. N.Vidhvans,"Shiro-Karna-Nasa,Mukhrog",280,Vimal Publication,343,Nashik,CR 656,27/05/2019,39,CR 656,27/05/2019,Pustak Pedhi,Available,Shalakyatantra,Marathi,
308,"Shiro-Karna-Nasa,Mukhrog",308,Dr. N.Vidhvans,"Shiro-Karna-Nasa,Mukhrog",280,Vimal Publication,343,Nashik,CR 656,27/05/2019,39,CR 656,27/05/2019,Pustak Pedhi,Available,Shalakyatantra,Marathi,
309,"Shiro-Karna-Nasa,Mukhrog",309,Dr. N.Vidhvans,"Shiro-Karna-Nasa,Mukhrog",280,Vimal Publication,343,Nashik,CR 656,27/05/2019,39,CR 656,27/05/2019,Pustak Pedhi,Available,Shalakyatantra,Marathi,
310,"Shiro-Karna-Nasa,Mukhrog",310,Dr. N.Vidhvans,"Shiro-Karna-Nasa,Mukhrog",280,Vimal Publication,343,Nashik,CR 656,27/05/2019,39,CR 656,27/05/2019,Pustak Pedhi,Available,Shalakyatantra,Marathi,
311,"Shiro-Karna-Nasa,Mukhrog",311,Dr. N.Vidhvans,"Shiro-Karna-Nasa,Mukhrog",280,Vimal Publication,343,Nashik,CR 656,27/05/2019,39,CR 656,27/05/2019,Pustak Pedhi,Available,Shalakyatantra,Marathi,
312,"Shiro-Karna-Nasa,Mukhrog",312,Dr. N.Vidhvans,"Shiro-Karna-Nasa,Mukhrog",280,Vimal Publication,343,Nashik,CR 656,27/05/2019,39,CR 656,27/05/2019,Pustak Pedhi,Available,Shalakyatantra,Marathi,
313,"Shiro-Karna-Nasa,Mukhrog",313,Dr. N.Vidhvans,"Shiro-Karna-Nasa,Mukhrog",280,Vimal Publication,343,Nashik,CR 656,27/05/2019,39,CR 656,27/05/2019,Pustak Pedhi,Available,Shalakyatantra,Marathi,
314,Shalayatantra Part-1,314,Anantkumar Shekokar,Shalayatantra Part-1,280,Shantanu Prakashan,540,Ahemadnagar,CR 656,27/05/2019,39,CR 656,27/05/2019,Pustak Pedhi,Available,Shalyatantra,Hindi,
315,Shalayatantra Part-1,315,Anantkumar Shekokar,Shalayatantra Part-1,280,Shantanu Prakashan,540,Ahemadnagar,CR 656,27/05/2019,39,CR 656,27/05/2019,Pustak Pedhi,Available,Shalyatantra,Hindi,
316,Shalayatantra Part-1,316,Anantkumar Shekokar,Shalayatantra Part-1,280,Shantanu Prakashan,540,Ahemadnagar,CR 656,27/05/2019,39,CR 656,27/05/2019,Pustak Pedhi,Available,Shalyatantra,Hindi,
317,Shalayatantra Part-1,317,Anantkumar Shekokar,Shalayatantra Part-1,280,Shantanu Prakashan,540,Ahemadnagar,CR 656,27/05/2019,39,CR 656,27/05/2019,Pustak Pedhi,Available,Shalyatantra,Hindi,
318,Shalayatantra Part-1,318,Anantkumar Shekokar,Shalayatantra Part-1,280,Shantanu Prakashan,540,Ahemadnagar,CR 656,27/05/2019,39,CR 656,27/05/2019,Pustak Pedhi,Available,Shalyatantra,Hindi,
319,Shalayatantra Part-1,319,Anantkumar Shekokar,Shalayatantra Part-1,280,Shantanu Prakashan,540,Ahemadnagar,CR 656,27/05/2019,39,CR 656,27/05/2019,Pustak Pedhi,Available,Shalyatantra,Hindi,
320,Shalayatantra Part-1,320,Anantkumar Shekokar,Shalayatantra Part-1,280,Shantanu Prakashan,540,Ahemadnagar,CR 656,27/05/2019,39,CR 656,27/05/2019,Pustak Pedhi,Available,Shalyatantra,Hindi,
321,Shalayatantra Part-1,321,Anantkumar Shekokar,Shalayatantra Part-1,280,Shantanu Prakashan,540,Ahemadnagar,CR 656,27/05/2019,39,CR 656,27/05/2019,Pustak Pedhi,Available,Shalyatantra,Hindi,
322,Shalayatantra Part-1,322,Anantkumar Shekokar,Shalayatantra Part-1,280,Shantanu Prakashan,540,Ahemadnagar,CR 656,27/05/2019,39,CR 656,27/05/2019,Pustak Pedhi,Available,Shalyatantra,Hindi,
323,Shalayatantra Part-1,323,Anantkumar Shekokar,Shalayatantra Part-1,200,Shantanu Prakashan,374,Ahemadnagar,CR 656,27/05/2019,39,CR 656,27/05/2019,Pustak Pedhi,Available,Shalyatantra,Hindi,
324,Shalyatantra part -2,324,Anantkumar Shekokar,Shalyatantra part -2,200,Shantanu Prakashan,374,Ahemadnagar,CR 656,27/05/2019,39,CR 656,27/05/2019,Pustak Pedhi,Available,Shalyatantra,Hindi,
325,Shalyatantra part -2,325,Anantkumar Shekokar,Shalyatantra part -2,200,Shantanu Prakashan,374,Ahemadnagar,CR 656,27/05/2019,39,CR 656,27/05/2019,Pustak Pedhi,Available,Shalyatantra,Hindi,
326,Shalyatantra part -2,326,Anantkumar Shekokar,Shalyatantra part -2,200,Shantanu Prakashan,374,Ahemadnagar,CR 656,27/05/2019,39,CR 656,27/05/2019,Pustak Pedhi,Available,Shalyatantra,Hindi,
327,Shalyatantra part -2,327,Anantkumar Shekokar,Shalyatantra part -2,200,Shantanu Prakashan,374,Ahemadnagar,CR 656,27/05/2019,39,CR 656,27/05/2019,Pustak Pedhi,Available,Shalyatantra,Hindi,
328,Shalyatantra part -2,328,Anantkumar Shekokar,Shalyatantra part -2,200,Shantanu Prakashan,374,Ahemadnagar,CR 656,27/05/2019,39,CR 656,27/05/2019,Pustak Pedhi,Available,Shalyatantra,Hindi,
329,Shalyatantra part -2,329,Anantkumar Shekokar,Shalyatantra part -2,200,Shantanu Prakashan,374,Ahemadnagar,CR 656,27/05/2019,39,CR 656,27/05/2019,Pustak Pedhi,Available,Shalyatantra,Hindi,
330,Shalyatantra part -2,330,Anantkumar Shekokar,Shalyatantra part -2,200,Shantanu Prakashan,374,Ahemadnagar,CR 656,27/05/2019,39,CR 656,27/05/2019,Pustak Pedhi,Available,Shalyatantra,Hindi,
331,Shalyatantra part -2,331,Anantkumar Shekokar,Shalyatantra part -2,200,Shantanu Prakashan,374,Ahemadnagar,CR 656,27/05/2019,39,CR 656,27/05/2019,Pustak Pedhi,Available,Shalyatantra,Hindi,
332,Shalyatantra part -2,332,Anantkumar Shekokar,Shalyatantra part -2,200,Shantanu Prakashan,374,Ahemadnagar,CR 656,27/05/2019,39,CR 656,27/05/2019,Pustak Pedhi,Available,Shalyatantra,Hindi,
333,Shalyatantra part -2,333,Anantkumar Shekokar,Shalyatantra part -2,200,Shantanu Prakashan,374,Ahemadnagar,CR 656,27/05/2019,39,CR 656,27/05/2019,Pustak Pedhi,Available,Shalyatantra,Hindi,
334,Research Methodology and Medical Satistics,334,Dr. Amol Velhal,Research Methodology and Medical Satistics,200,Dhanwantari Prakashan,362,Nagpur,CR 656,27/05/2019,39,CR 656,27/05/2019,Pustak Pedhi,Available,Samhita siddhant ,English,
335,Research Methodology and Medical Satistics,335,Dr. Amol Velhal,Research Methodology and Medical Satistics,200,Dhanwantari Prakashan,362,Nagpur,CR 656,27/05/2019,39,CR 656,27/05/2019,Pustak Pedhi,Available,Samhita siddhant ,English,
336,Research Methodology and Medical Satistics,336,Dr. Amol Velhal,Research Methodology and Medical Satistics,200,Dhanwantari Prakashan,362,Nagpur,CR 656,27/05/2019,39,CR 656,27/05/2019,Pustak Pedhi,Available,Samhita siddhant ,English,
337,Research Methodology and Medical Satistics,337,Dr. Amol Velhal,Research Methodology and Medical Satistics,200,Dhanwantari Prakashan,362,Nagpur,CR 656,27/05/2019,39,CR 656,27/05/2019,Pustak Pedhi,Available,Samhita siddhant ,English,
338,Research Methodology and Medical Satistics,338,Dr. Amol Velhal,Research Methodology and Medical Satistics,200,Dhanwantari Prakashan,362,Nagpur,CR 656,27/05/2019,39,CR 656,27/05/2019,Pustak Pedhi,Available,Samhita siddhant ,English,
339,Research Methodology and Medical Satistics,339,Dr. Amol Velhal,Research Methodology and Medical Satistics,200,Dhanwantari Prakashan,362,Nagpur,CR 656,27/05/2019,39,CR 656,27/05/2019,Pustak Pedhi,Available,Samhita siddhant ,English,
340,Research Methodology and Medical Satistics,340,Dr. Amol Velhal,Research Methodology and Medical Satistics,200,Dhanwantari Prakashan,362,Nagpur,CR 656,27/05/2019,39,CR 656,27/05/2019,Pustak Pedhi,Available,Samhita siddhant ,English,
341,Research Methodology and Medical Satistics,341,Dr. Amol Velhal,Research Methodology and Medical Satistics,200,Dhanwantari Prakashan,362,Nagpur,CR 656,27/05/2019,39,CR 656,27/05/2019,Pustak Pedhi,Available,Samhita siddhant ,English,
342,Research Methodology and Medical Satistics,342,Dr. Amol Velhal,Research Methodology and Medical Satistics,200,Dhanwantari Prakashan,362,Nagpur,CR 656,27/05/2019,39,CR 656,27/05/2019,Pustak Pedhi,Available,Samhita siddhant ,English,
343,Research Methodology and Medical Satistics,343,Dr. Amol Velhal,Research Methodology and Medical Satistics,200,Dhanwantari Prakashan,362,Nagpur,CR 656,27/05/2019,39,CR 656,27/05/2019,Pustak Pedhi,Available,Samhita siddhant ,English,
344,ENT Diseases,344,K.B.Bhargaw,ENT Diseases,925,Usha publications,478,Mumbai,CR 656,27/05/2019,39,CR 656,27/05/2019,Pustak Pedhi,Available,Shalakyatantra,English,
345,ENT Diseases,345,K.B.Bhargaw,ENT Diseases,925,Usha publications,478,Mumbai,CR 656,27/05/2019,39,CR 656,27/05/2019,Pustak Pedhi,Available,Shalakyatantra,English,
346,ENT Diseases,346,K.B.Bhargaw,ENT Diseases,925,Usha publications,478,Mumbai,CR 656,27/05/2019,39,CR 656,27/05/2019,Pustak Pedhi,Available,Shalakyatantra,English,
347,ENT Diseases,347,K.B.Bhargaw,ENT Diseases,925,Usha publications,478,Mumbai,CR 656,27/05/2019,39,CR 656,27/05/2019,Pustak Pedhi,Available,Shalakyatantra,English,
348,ENT Diseases,348,K.B.Bhargaw,ENT Diseases,925,Usha publications,478,Mumbai,CR 656,27/05/2019,39,CR 656,27/05/2019,Pustak Pedhi,Available,Shalakyatantra,English,
349,Manual on clinical Surgery,349,S. Das,Manual on clinical Surgery,1030,Das publishers,648,kolkata,CR 656,27/05/2019,39,CR 656,27/05/2019,Pustak Pedhi,Available,Shalyatantra,English,
350,Manual on clinical Surgery,350,S. Das,Manual on clinical Surgery,1030,Das publishers,648,kolkata,CR 656,27/05/2019,39,CR 656,27/05/2019,Pustak Pedhi,Available,Shalyatantra,English,
351,Manual of practical Medicine,351,R.Alagappan,Manual of practical Medicine,1150,Health sciences publisher,1018,Bangladesh,CR 656,27/05/2019,39,CR 656,27/05/2019,Pustak Pedhi,Available,Kaychikitsa,English,
352,Manual of practical Medicine,352,R.Alagappan,Manual of practical Medicine,1150,Health sciences publisher,1018,Bangladesh,CR 656,27/05/2019,39,CR 656,27/05/2019,Pustak Pedhi,Available,Kaychikitsa,English,
353,Principle's and Practice of Medicine,353,Davidsons's,Principle's and Practice of Medicine,2395,Elsevier publiser,1417,London,CR 656,27/05/2019,39,CR 656,27/05/2019,Pustak Pedhi,Available,Kaychikitsa,English,
354,Principle's and Practice of Medicine,354,Davidsons's,Principle's and Practice of Medicine,2395,Elsevier publiser,1417,London,CR 656,27/05/2019,39,CR 656,27/05/2019,Pustak Pedhi,Available,Kaychikitsa,English,
355,Golwalla's medicine,355,A.F.Golwalla,Golwalla's medicine,1395,Jaypee Publishers,1160,New Delhi,CR 656,27/05/2019,39,CR 656,27/05/2019,Pustak Pedhi,Available,Kaychikitsa,English,
356,Golwalla's medicine,356,A.F.Golwalla,Golwalla's medicine,1395,Jaypee Publishers,1160,New Delhi,CR 656,27/05/2019,39,CR 656,27/05/2019,Pustak Pedhi,Available,Kaychikitsa,English,
357,Golwalla's medicine,357,A.F.Golwalla,Golwalla's medicine,1395,Jaypee Publishers,1160,New Delhi,CR 656,27/05/2019,39,CR 656,27/05/2019,Pustak Pedhi,Available,Kaychikitsa,English,
358,Golwalla's medicine,358,A.F.Golwalla,Golwalla's medicine,1395,Jaypee Publishers,1160,New Delhi,CR 656,27/05/2019,39,CR 656,27/05/2019,Pustak Pedhi,Available,Kaychikitsa,English,

