1,Vaidyakiya Subhashit Sahitya and Vaidyakam,1,Dr. Subash Ranade,Vaidyakiya Subhashit Sahitya and Vaidyakam,135,Chokamba Prakashan,184,varanasi,CR 656,5/27/2019,36,CR 656,5/27/2019,Pustak Pedhi,Available,Samhita siddhant ,Marathi,123
2,Vaidyakiya Subhashit Sahitya and Vaidyakam,2,Dr. Subash Ranade,Vaidyakiya Subhashit Sahitya and Vaidyakam,135,Chokamba Prakashan,184,varanasi,CR 656,5/27/2019,36,CR 656,5/27/2019,Pustak Pedhi,Available,Samhita siddhant ,Marathi,2
3,Vaidyakiya Subhashit Sahitya and Vaidyakam,3,Dr. Subash Ranade,Vaidyakiya Subhashit Sahitya and Vaidyakam,135,Chokamba Prakashan,184,varanasi,CR 656,5/27/2019,36,CR 656,5/27/2019,Pustak Pedhi,Available,Samhita siddhant ,Marathi,1
4,Vaidyakiya Subhashit Sahitya and Vaidyakam,4,Dr. Subash Ranade,Vaidyakiya Subhashit Sahitya and Vaidyakam,135,Chokamba Prakashan,184,varanasi,CR 656,5/27/2019,36,CR 656,5/27/2019,Pustak Pedhi,Available,Samhita siddhant ,Marathi,22
5,Vaidyakiya Subhashit Sahitya and Vaidyakam,5,Dr. Subash Ranade,Vaidyakiya Subhashit Sahitya and Vaidyakam,135,Chokamba Prakashan,184,varanasi,CR 656,5/27/2019,36,CR 656,5/27/2019,Pustak Pedhi,Available,Samhita siddhant ,Marathi,324
6,Vaidyakiya Subhashit Sahitya and Vaidyakam,6,Dr. Subash Ranade,Vaidyakiya Subhashit Sahitya and Vaidyakam,135,Chokamba Prakashan,184,varanasi,CR 656,5/27/2019,36,CR 656,5/27/2019,Pustak Pedhi,Available,Samhita siddhant ,Marathi,4
7,Vaidyakiya Subhashit Sahitya and Vaidyakam,7,Dr. Subash Ranade,Vaidyakiya Subhashit Sahitya and Vaidyakam,135,Chokamba Prakashan,184,varanasi,CR 656,5/27/2019,36,CR 656,5/27/2019,Pustak Pedhi,Available,Samhita siddhant ,Marathi,2
8,Vaidyakiya Subhashit Sahitya and Vaidyakam,8,Dr. Subash Ranade,Vaidyakiya Subhashit Sahitya and Vaidyakam,135,Chokamba Prakashan,184,varanasi,CR 656,5/27/2019,36,CR 656,5/27/2019,Pustak Pedhi,Available,Samhita siddhant ,Marathi,2
9,Vaidyakiya Subhashit Sahitya and Vaidyakam,9,Dr. Subash Ranade,Vaidyakiya Subhashit Sahitya and Vaidyakam,135,Chokamba Prakashan,184,varanasi,CR 656,5/27/2019,36,CR 656,5/27/2019,Pustak Pedhi,Available,Samhita siddhant ,Marathi,2
10,Vaidyakiya Subhashit Sahitya and Vaidyakam,10,Dr. Subash Ranade,Vaidyakiya Subhashit Sahitya and Vaidyakam,135,Chokamba Prakashan,184,varanasi,CR 656,5/27/2019,36,CR 656,5/27/2019,Pustak Pedhi,Available,Samhita siddhant ,Marathi,2
11,Sanskrit shabda-Dhatu-rupawali,11,Pd . Rajaram Shastri Natekar,Sanskrit shabda-Dhatu-rupawali,50,Navneet Prakashan,208,Gujrat,CR 656,5/27/2019,36,CR 656,5/27/2019,Pustak Pedhi,Available,Samhita siddhant ,Marathi,2
12,Sanskrit shabda-Dhatu-rupawali,12,Pd . Rajaram Shastri Natekar,Sanskrit shabda-Dhatu-rupawali,50,Navneet Prakashan,208,Gujrat,CR 656,5/27/2019,36,CR 656,5/27/2019,Pustak Pedhi,Available,Samhita siddhant ,Marathi,2
13,Sanskrit shabda-Dhatu-rupawali,13,Pd . Rajaram Shastri Natekar,Sanskrit shabda-Dhatu-rupawali,50,Navneet Prakashan,208,Gujrat,CR 656,5/27/2019,36,CR 656,5/27/2019,Pustak Pedhi,Available,Samhita siddhant ,Marathi,2
14,Sanskrit shabda-Dhatu-rupawali,14,Pd . Rajaram Shastri Natekar,Sanskrit shabda-Dhatu-rupawali,50,Navneet Prakashan,208,Gujrat,CR 656,5/27/2019,36,CR 656,5/27/2019,Pustak Pedhi,Available,Samhita siddhant ,Marathi,2
15,Sanskrit shabda-Dhatu-rupawali,15,Pd . Rajaram Shastri Natekar,Sanskrit shabda-Dhatu-rupawali,50,Navneet Prakashan,208,Gujrat,CR 656,5/27/2019,36,CR 656,5/27/2019,Pustak Pedhi,Available,Samhita siddhant ,Marathi,2
16,Sanskrit shabda-Dhatu-rupawali,16,Pd . Rajaram Shastri Natekar,Sanskrit shabda-Dhatu-rupawali,50,Navneet Prakashan,208,Gujrat,CR 656,5/27/2019,36,CR 656,5/27/2019,Pustak Pedhi,Available,Samhita siddhant ,Marathi,2
17,Sanskrit shabda-Dhatu-rupawali,17,Pd . Rajaram Shastri Natekar,Sanskrit shabda-Dhatu-rupawali,50,Navneet Prakashan,208,Gujrat,CR 656,5/27/2019,36,CR 656,5/27/2019,Pustak Pedhi,Available,Samhita siddhant ,Marathi,2
18,Sanskrit shabda-Dhatu-rupawali,18,Pd . Rajaram Shastri Natekar,Sanskrit shabda-Dhatu-rupawali,50,Navneet Prakashan,208,Gujrat,CR 656,5/27/2019,36,CR 656,5/27/2019,Pustak Pedhi,Available,Samhita siddhant ,Marathi,2
19,Sanskrit shabda-Dhatu-rupawali,19,Pd . Rajaram Shastri Natekar,Sanskrit shabda-Dhatu-rupawali,50,Navneet Prakashan,208,Gujrat,CR 656,5/27/2019,36,CR 656,5/27/2019,Pustak Pedhi,Available,Samhita siddhant ,Marathi,2
20,Sanskrit shabda-Dhatu-rupawali,20,Pd . Rajaram Shastri Natekar,Sanskrit shabda-Dhatu-rupawali,50,Navneet Prakashan,208,Gujrat,CR 656,5/27/2019,36,CR 656,5/27/2019,Pustak Pedhi,Available,Samhita siddhant ,Marathi,2
21,Panchtantra,21,Srikant Gawande,Panchtantra,70,Profeisant prakashan,88,Pune,CR 656,5/27/2019,36,CR 656,5/27/2019,Pustak Pedhi,Available,Samhita siddhant ,Marathi,2
22,Panchtantra,22,Srikant Gawande,Panchtantra,70,Profeisant prakashan,88,Pune,CR 656,5/27/2019,36,CR 656,5/27/2019,Pustak Pedhi,Available,Samhita siddhant ,Marathi,2
23,Panchtantra,23,Srikant Gawande,Panchtantra,70,Profeisant prakashan,88,Pune,CR 656,5/27/2019,36,CR 656,5/27/2019,Pustak Pedhi,Available,Samhita siddhant ,Marathi,2
24,Panchtantra,24,Srikant Gawande,Panchtantra,70,Profeisant prakashan,88,Pune,CR 656,5/27/2019,36,CR 656,5/27/2019,Pustak Pedhi,Available,Samhita siddhant ,Marathi,2
25,Panchtantra,25,Srikant Gawande,Panchtantra,70,Profeisant prakashan,88,Pune,CR 656,5/27/2019,36,CR 656,5/27/2019,Pustak Pedhi,Available,Samhita siddhant ,Marathi,2
26,Panchtantra,26,Srikant Gawande,Panchtantra,70,Profeisant prakashan,88,Pune,CR 656,5/27/2019,36,CR 656,5/27/2019,Pustak Pedhi,Available,Samhita siddhant ,Marathi,2
27,Panchtantra,27,Srikant Gawande,Panchtantra,70,Profeisant prakashan,88,Pune,CR 656,5/27/2019,36,CR 656,5/27/2019,Pustak Pedhi,Available,Samhita siddhant ,Marathi,2
28,Panchtantra,28,Srikant Gawande,Panchtantra,70,Profeisant prakashan,88,Pune,CR 656,5/27/2019,36,CR 656,5/27/2019,Pustak Pedhi,Available,Samhita siddhant ,Marathi,2
29,Panchtantra,29,Srikant Gawande,Panchtantra,70,Profeisant prakashan,88,Pune,CR 656,5/27/2019,36,CR 656,5/27/2019,Pustak Pedhi,Available,Samhita siddhant ,Marathi,2
30,Panchtantra,30,Srikant Gawande,Panchtantra,70,Profeisant prakashan,88,Pune,CR 656,5/27/2019,36,CR 656,5/27/2019,Pustak Pedhi,Available,Samhita siddhant ,Marathi,2
31,Kaumudhi Siddhant,31,Bhramraj Group,Kaumudhi Siddhant,100,Dhanwantari Prakashan,156,Nagpur,CR 656,5/27/2019,36,CR 656,5/27/2019,Pustak Pedhi,Available,Samhita siddhant ,Marathi,2
32,Kaumudhi Siddhant,32,Bhramraj Group,Kaumudhi Siddhant,100,Dhanwantari Prakashan,156,Nagpur,CR 656,5/27/2019,36,CR 656,5/27/2019,Pustak Pedhi,Available,Samhita siddhant ,Marathi,2
33,Kaumudhi Siddhant,33,Bhramraj Group,Kaumudhi Siddhant,100,Dhanwantari Prakashan,156,Nagpur,CR 656,5/27/2019,36,CR 656,5/27/2019,Pustak Pedhi,Available,Samhita siddhant ,Marathi,2
34,Kaumudhi Siddhant,34,Bhramraj Group,Kaumudhi Siddhant,100,Dhanwantari Prakashan,156,Nagpur,CR 656,5/27/2019,36,CR 656,5/27/2019,Pustak Pedhi,Available,Samhita siddhant ,Marathi,2
35,Kaumudhi Siddhant,35,Bhramraj Group,Kaumudhi Siddhant,100,Dhanwantari Prakashan,156,Nagpur,CR 656,5/27/2019,36,CR 656,5/27/2019,Pustak Pedhi,Available,Samhita siddhant ,Marathi,2
36,Kaumudhi Siddhant,36,Bhramraj Group,Kaumudhi Siddhant,100,Dhanwantari Prakashan,156,Nagpur,CR 656,5/27/2019,36,CR 656,5/27/2019,Pustak Pedhi,Available,Samhita siddhant ,Marathi,2
37,Kaumudhi Siddhant,37,Bhramraj Group,Kaumudhi Siddhant,100,Dhanwantari Prakashan,156,Nagpur,CR 656,5/27/2019,36,CR 656,5/27/2019,Pustak Pedhi,Available,Samhita siddhant ,Marathi,6
38,Kaumudhi Siddhant,38,Bhramraj Group,Kaumudhi Siddhant,100,Dhanwantari Prakashan,156,Nagpur,CR 656,5/27/2019,36,CR 656,5/27/2019,Pustak Pedhi,Available,Samhita siddhant ,Marathi,6
39,Kaumudhi Siddhant,39,Bhramraj Group,Kaumudhi Siddhant,100,Dhanwantari Prakashan,156,Nagpur,CR 656,5/27/2019,36,CR 656,5/27/2019,Pustak Pedhi,Available,Samhita siddhant ,Marathi,6
40,Kaumudhi Siddhant,40,Bhramraj Group,Kaumudhi Siddhant,100,Dhanwantari Prakashan,156,Nagpur,CR 656,5/27/2019,36,CR 656,5/27/2019,Pustak Pedhi,Available,Samhita siddhant ,Marathi,6
41,Ayurved Sanskrutam ,41,Dr. Vishwanath S. Joshi,Ayurved Sanskrutam ,250,Dhanwantari Prakashan,264,Nagpur,CR 656,5/27/2019,36,CR 656,5/27/2019,Pustak Pedhi,Available,Samhita siddhant ,Marathi,6
42,Ayurved Sanskrutam ,42,Dr. Vishwanath S. Joshi,Ayurved Sanskrutam ,250,Dhanwantari Prakashan,264,Nagpur,CR 656,5/27/2019,36,CR 656,5/27/2019,Pustak Pedhi,Available,Samhita siddhant ,Marathi,6
43,Ayurved Sanskrutam ,43,Dr. Vishwanath S. Joshi,Ayurved Sanskrutam ,250,Dhanwantari Prakashan,264,Nagpur,CR 656,5/27/2019,36,CR 656,5/27/2019,Pustak Pedhi,Available,Samhita siddhant ,Marathi,6
44,Ayurved Sanskrutam ,44,Dr. Vishwanath S. Joshi,Ayurved Sanskrutam ,250,Dhanwantari Prakashan,264,Nagpur,CR 656,5/27/2019,36,CR 656,5/27/2019,Pustak Pedhi,Available,Samhita siddhant ,Marathi,6
45,Ayurved Sanskrutam ,45,Dr. Vishwanath S. Joshi,Ayurved Sanskrutam ,250,Dhanwantari Prakashan,264,Nagpur,CR 656,5/27/2019,36,CR 656,5/27/2019,Pustak Pedhi,Available,Samhita siddhant ,Marathi,6
46,Ayurved Sanskrutam ,46,Dr. Vishwanath S. Joshi,Ayurved Sanskrutam ,250,Dhanwantari Prakashan,264,Nagpur,CR 656,5/27/2019,36,CR 656,5/27/2019,Pustak Pedhi,Available,Samhita siddhant ,Marathi,6
47,Ayurved Sanskrutam ,47,Dr. Vishwanath S. Joshi,Ayurved Sanskrutam ,250,Dhanwantari Prakashan,264,Nagpur,CR 656,5/27/2019,36,CR 656,5/27/2019,Pustak Pedhi,Available,Samhita siddhant ,Marathi,6
48,Ayurved Sanskrutam ,48,Dr. Vishwanath S. Joshi,Ayurved Sanskrutam ,250,Dhanwantari Prakashan,264,Nagpur,CR 656,5/27/2019,36,CR 656,5/27/2019,Pustak Pedhi,Available,Samhita siddhant ,Marathi,6
49,Ayurved Sanskrutam ,49,Dr. Vishwanath S. Joshi,Ayurved Sanskrutam ,250,Dhanwantari Prakashan,264,Nagpur,CR 656,5/27/2019,36,CR 656,5/27/2019,Pustak Pedhi,Available,Samhita siddhant ,Marathi,6
50,Ayurved Sanskrutam ,50,Dr. Vishwanath S. Joshi,Ayurved Sanskrutam ,250,Dhanwantari Prakashan,264,Nagpur,CR 656,5/27/2019,36,CR 656,5/27/2019,Pustak Pedhi,Available,Samhita siddhant ,Marathi,6
51,Kriya Sharir (Pratyakshit),51,Dr. Subash Ranade,Kriya Sharir (Pratyakshit),175,Profeisant prakashan,237,Pune,CR 656,5/27/2019,36,CR 656,5/27/2019,Pustak Pedhi,Available,Sharir Kriya ,Marathi,6
52,Kriya Sharir (Pratyakshit),52,Dr. Subash Ranade,Kriya Sharir (Pratyakshit),175,Profeisant prakashan,237,Pune,CR 656,5/27/2019,36,CR 656,5/27/2019,Pustak Pedhi,Available,Sharir Kriya ,Marathi,6
53,Kriya Sharir (Pratyakshit),53,Dr. Subash Ranade,Kriya Sharir (Pratyakshit),175,Profeisant prakashan,237,Pune,CR 656,5/27/2019,36,CR 656,5/27/2019,Pustak Pedhi,Available,Sharir Kriya ,Marathi,6
54,Kriya Sharir (Pratyakshit),54,Dr. Subash Ranade,Kriya Sharir (Pratyakshit),175,Profeisant prakashan,237,Pune,CR 656,5/27/2019,36,CR 656,5/27/2019,Pustak Pedhi,Available,Sharir Kriya ,Marathi,6
55,Kriya Sharir (Pratyakshit),55,Dr. Subash Ranade,Kriya Sharir (Pratyakshit),175,Profeisant prakashan,237,Pune,CR 656,5/27/2019,36,CR 656,5/27/2019,Pustak Pedhi,Available,Sharir Kriya ,Marathi,6
56,Kriya Sharir (Pratyakshit),56,Dr. Subash Ranade,Kriya Sharir (Pratyakshit),175,Profeisant prakashan,237,Pune,CR 656,5/27/2019,36,CR 656,5/27/2019,Pustak Pedhi,Available,Sharir Kriya ,Marathi,6
57,Kriya Sharir (Pratyakshit),57,Dr. Subash Ranade,Kriya Sharir (Pratyakshit),175,Profeisant prakashan,237,Pune,CR 656,5/27/2019,36,CR 656,5/27/2019,Pustak Pedhi,Available,Sharir Kriya ,Marathi,6
58,Kriya Sharir (Pratyakshit),58,Dr. Subash Ranade,Kriya Sharir (Pratyakshit),175,Profeisant prakashan,237,Pune,CR 656,5/27/2019,36,CR 656,5/27/2019,Pustak Pedhi,Available,Sharir Kriya ,Marathi,6
59,Kriya Sharir (Pratyakshit),59,Dr. Subash Ranade,Kriya Sharir (Pratyakshit),175,Profeisant prakashan,237,Pune,CR 656,5/27/2019,36,CR 656,5/27/2019,Pustak Pedhi,Available,Sharir Kriya ,Marathi,6
60,Kriya Sharir (Pratyakshit),60,Dr. Subash Ranade,Kriya Sharir (Pratyakshit),175,Profeisant prakashan,237,Pune,CR 656,5/27/2019,36,CR 656,5/27/2019,Pustak Pedhi,Available,Sharir Kriya ,Marathi,6
61,Kriya Sharir Part -1,61,Vd. D.T.Kodape,Kriya Sharir Part -1,270,Dhanwantari Prakashan,492,Nagpur,CR 656,5/27/2019,36,CR 656,5/27/2019,Pustak Pedhi,Available,Sharir Kriya ,Marathi,6
62,Kriya Sharir Part -1,62,Vd. D.T.Kodape,Kriya Sharir Part -1,270,Dhanwantari Prakashan,492,Nagpur,CR 656,5/27/2019,36,CR 656,5/27/2019,Pustak Pedhi,Available,Sharir Kriya ,Marathi,6
63,Kriya Sharir Part -1,63,Vd. D.T.Kodape,Kriya Sharir Part -1,270,Dhanwantari Prakashan,492,Nagpur,CR 656,5/27/2019,36,CR 656,5/27/2019,Pustak Pedhi,Available,Sharir Kriya ,Marathi,6
64,Kriya Sharir Part -1,64,Vd. D.T.Kodape,Kriya Sharir Part -1,270,Dhanwantari Prakashan,492,Nagpur,CR 656,5/27/2019,36,CR 656,5/27/2019,Pustak Pedhi,Available,Sharir Kriya ,Marathi,6
65,Kriya Sharir Part -1,65,Vd. D.T.Kodape,Kriya Sharir Part -1,270,Dhanwantari Prakashan,492,Nagpur,CR 656,5/27/2019,36,CR 656,5/27/2019,Pustak Pedhi,Available,Sharir Kriya ,Marathi,6
66,Kriya Sharir Part -1,66,Vd. D.T.Kodape,Kriya Sharir Part -1,270,Dhanwantari Prakashan,492,Nagpur,CR 656,5/27/2019,36,CR 656,5/27/2019,Pustak Pedhi,Available,Sharir Kriya ,Marathi,6
67,Kriya Sharir Part -1,67,Vd. D.T.Kodape,Kriya Sharir Part -1,270,Dhanwantari Prakashan,492,Nagpur,CR 656,5/27/2019,36,CR 656,5/27/2019,Pustak Pedhi,Available,Sharir Kriya ,Marathi,6
68,Kriya Sharir Part -1,68,Vd. D.T.Kodape,Kriya Sharir Part -1,270,Dhanwantari Prakashan,492,Nagpur,CR 656,5/27/2019,36,CR 656,5/27/2019,Pustak Pedhi,Available,Sharir Kriya ,Marathi,6
69,Kriya Sharir Part -1,69,Vd. D.T.Kodape,Kriya Sharir Part -1,270,Dhanwantari Prakashan,492,Nagpur,CR 656,5/27/2019,36,CR 656,5/27/2019,Pustak Pedhi,Available,Sharir Kriya ,Marathi,6
70,Kriya Sharir Part -1,70,Vd. D.T.Kodape,Kriya Sharir Part -1,270,Dhanwantari Prakashan,492,Nagpur,CR 656,5/27/2019,36,CR 656,5/27/2019,Pustak Pedhi,Available,Sharir Kriya ,Marathi,6
71,Kriya Sharir part-2,71,Vd. D.T.Kodape,Kriya Sharir part-2,250,Dhanwantari Prakashan,465,Nagpur,CR 656,5/27/2019,36,CR 656,5/27/2019,Pustak Pedhi,Available,Sharir Kriya ,Marathi,6
72,Kriya Sharir part-2,72,Vd. D.T.Kodape,Kriya Sharir part-2,250,Dhanwantari Prakashan,465,Nagpur,CR 656,5/27/2019,36,CR 656,5/27/2019,Pustak Pedhi,Available,Sharir Kriya ,Marathi,6
73,Kriya Sharir part-2,73,Vd. D.T.Kodape,Kriya Sharir part-2,250,Dhanwantari Prakashan,465,Nagpur,CR 656,5/27/2019,36,CR 656,5/27/2019,Pustak Pedhi,Available,Sharir Kriya ,Marathi,6
74,Kriya Sharir part-2,74,Vd. D.T.Kodape,Kriya Sharir part-2,250,Dhanwantari Prakashan,465,Nagpur,CR 656,5/27/2019,36,CR 656,5/27/2019,Pustak Pedhi,Available,Sharir Kriya ,Marathi,6
75,Kriya Sharir part-2,75,Vd. D.T.Kodape,Kriya Sharir part-2,250,Dhanwantari Prakashan,465,Nagpur,CR 656,5/27/2019,36,CR 656,5/27/2019,Pustak Pedhi,Available,Sharir Kriya ,Marathi,6
76,Kriya Sharir part-2,76,Vd. D.T.Kodape,Kriya Sharir part-2,250,Dhanwantari Prakashan,465,Nagpur,CR 656,5/27/2019,36,CR 656,5/27/2019,Pustak Pedhi,Available,Sharir Kriya ,Marathi,6
77,Kriya Sharir part-2,77,Vd. D.T.Kodape,Kriya Sharir part-2,250,Dhanwantari Prakashan,465,Nagpur,CR 656,5/27/2019,36,CR 656,5/27/2019,Pustak Pedhi,Available,Sharir Kriya ,Marathi,6
78,Kriya Sharir part-2,78,Vd. D.T.Kodape,Kriya Sharir part-2,250,Dhanwantari Prakashan,465,Nagpur,CR 656,5/27/2019,36,CR 656,5/27/2019,Pustak Pedhi,Available,Sharir Kriya ,Marathi,6
79,Kriya Sharir part-2,79,Vd. D.T.Kodape,Kriya Sharir part-2,250,Dhanwantari Prakashan,465,Nagpur,CR 656,5/27/2019,36,CR 656,5/27/2019,Pustak Pedhi,Available,Sharir Kriya ,Marathi,6
80,Kriya Sharir part-2,80,Vd. D.T.Kodape,Kriya Sharir part-2,250,Dhanwantari Prakashan,465,Nagpur,CR 656,5/27/2019,36,CR 656,5/27/2019,Pustak Pedhi,Available,Sharir Kriya ,Marathi,6
81,Padharth Vigyan/ Ayurved Itihas,81,Vd. Arun U. Bhatkar,Padharth Vigyan/ Ayurved Itihas,340,Meherbaba Prakashan,460,Nagpur,CR 656,5/27/2019,36,CR 656,5/27/2019,Pustak Pedhi,Available,Samhita siddhant ,Marathi,6
82,Padharth Vigyan/ Ayurved Itihas,82,Vd. Arun U. Bhatkar,Padharth Vigyan/ Ayurved Itihas,340,Meherbaba Prakashan,460,Nagpur,CR 656,5/27/2019,36,CR 656,5/27/2019,Pustak Pedhi,Available,Samhita siddhant ,Marathi,6
83,Padharth Vigyan/ Ayurved Itihas,83,Vd. Arun U. Bhatkar,Padharth Vigyan/ Ayurved Itihas,340,Meherbaba Prakashan,460,Nagpur,CR 656,5/27/2019,36,CR 656,5/27/2019,Pustak Pedhi,Available,Samhita siddhant ,Marathi,6
84,Padharth Vigyan/ Ayurved Itihas,84,Vd. Arun U. Bhatkar,Padharth Vigyan/ Ayurved Itihas,340,Meherbaba Prakashan,460,Nagpur,CR 656,5/27/2019,36,CR 656,5/27/2019,Pustak Pedhi,Available,Samhita siddhant ,Marathi,6
85,Padharth Vigyan/ Ayurved Itihas,85,Vd. Arun U. Bhatkar,Padharth Vigyan/ Ayurved Itihas,340,Meherbaba Prakashan,460,Nagpur,CR 656,5/27/2019,36,CR 656,5/27/2019,Pustak Pedhi,Available,Samhita siddhant ,Marathi,6
86,Padharth Vigyan/ Ayurved Itihas,86,Vd. Arun U. Bhatkar,Padharth Vigyan/ Ayurved Itihas,340,Meherbaba Prakashan,460,Nagpur,CR 656,5/27/2019,36,CR 656,5/27/2019,Pustak Pedhi,Available,Samhita siddhant ,Marathi,6
87,Padharth Vigyan/ Ayurved Itihas,87,Vd. Arun U. Bhatkar,Padharth Vigyan/ Ayurved Itihas,340,Meherbaba Prakashan,460,Nagpur,CR 656,5/27/2019,36,CR 656,5/27/2019,Pustak Pedhi,Available,Samhita siddhant ,Marathi,6
88,Padharth Vigyan/ Ayurved Itihas,88,Vd. Arun U. Bhatkar,Padharth Vigyan/ Ayurved Itihas,340,Meherbaba Prakashan,460,Nagpur,CR 656,5/27/2019,36,CR 656,5/27/2019,Pustak Pedhi,Available,Samhita siddhant ,Marathi,6
89,Padharth Vigyan/ Ayurved Itihas,89,Vd. Arun U. Bhatkar,Padharth Vigyan/ Ayurved Itihas,340,Meherbaba Prakashan,460,Nagpur,CR 656,5/27/2019,36,CR 656,5/27/2019,Pustak Pedhi,Available,Samhita siddhant ,Marathi,6
90,Padharth Vigyan/ Ayurved Itihas,90,Vd. Arun U. Bhatkar,Padharth Vigyan/ Ayurved Itihas,340,Meherbaba Prakashan,460,Nagpur,CR 656,5/27/2019,36,CR 656,5/27/2019,Pustak Pedhi,Available,Samhita siddhant ,Marathi,6
91,Rachna Sharir volume-1,91, Dr. Pratibha Shimpi,Rachna Sharir volume-1,450,Dhanwantari Prakashan,338,Nagpur,CR 656,5/27/2019,36,CR 656,5/27/2019,Pustak Pedhi,Available,Rachna Sharir ,Marathi,6
92,Rachna Sharir volume-1,92, Dr. Pratibha Shimpi,Rachna Sharir volume-1,450,Dhanwantari Prakashan,338,Nagpur,CR 656,5/27/2019,36,CR 656,5/27/2019,Pustak Pedhi,Available,Rachna Sharir ,Marathi,6
93,Rachna Sharir volume-1,93, Dr. Pratibha Shimpi,Rachna Sharir volume-1,450,Dhanwantari Prakashan,338,Nagpur,CR 656,5/27/2019,36,CR 656,5/27/2019,Pustak Pedhi,Available,Rachna Sharir ,Marathi,6
94,Rachna Sharir Volume -2,94, Dr. Pratibha Shimpi,Rachna Sharir Volume -2,450,Dhanwantari Prakashan,344,Nagpur,CR 656,5/27/2019,36,CR 656,5/27/2019,Pustak Pedhi,Available,Rachna Sharir ,Marathi,6
95,Rachna Sharir Volume -2,95, Dr. Pratibha Shimpi,Rachna Sharir Volume -2,450,Dhanwantari Prakashan,344,Nagpur,CR 656,5/27/2019,36,CR 656,5/27/2019,Pustak Pedhi,Available,Rachna Sharir ,Marathi,6
96,Rachna Sharir Volume -2,96, Dr. Pratibha Shimpi,Rachna Sharir Volume -2,450,Dhanwantari Prakashan,344,Nagpur,CR 656,5/27/2019,36,CR 656,5/27/2019,Pustak Pedhi,Available,Rachna Sharir ,Marathi,6
97,Pandey'S Ayurved ANATOMY,97,Dr. vinay Pandey/ Dr. Suresh B. Katre,Pandey'S Ayurved ANATOMY,610,Aquarius Publication,442,Nagpur,CR 656,5/27/2019,36,CR 656,5/27/2019,Pustak Pedhi,Available,Rachna Sharir ,Marathi,6
98,Pandey'S Ayurved ANATOMY,98,Dr. vinay Pandey/ Dr. Suresh B. Katre,Pandey'S Ayurved ANATOMY,610,Aquarius Publication,442,Nagpur,CR 656,5/27/2019,36,CR 656,5/27/2019,Pustak Pedhi,Available,Rachna Sharir ,Marathi,6
99,Pandey'S Ayurved ANATOMY,99,Dr. vinay Pandey/ Dr. Suresh B. Katre,Pandey'S Ayurved ANATOMY,610,Aquarius Publication,442,Nagpur,CR 656,5/27/2019,36,CR 656,5/27/2019,Pustak Pedhi,Available,Rachna Sharir ,Marathi,6
100,Pandey'S Ayurved ANATOMY,100,Dr. vinay Pandey/ Dr. Suresh B. Katre,Pandey'S Ayurved ANATOMY,610,Aquarius Publication,442,Nagpur,CR 656,5/27/2019,36,CR 656,5/27/2019,Pustak Pedhi,Available,Rachna Sharir ,Marathi,6
101,Pandey'S Ayurved ANATOMY,101,Dr. vinay Pandey/ Dr. Suresh B. Katre,Pandey'S Ayurved ANATOMY,610,Aquarius Publication,442,Nagpur,CR 656,5/27/2019,36,CR 656,5/27/2019,Pustak Pedhi,Available,Rachna Sharir ,Marathi,6
102,Pandey'S Ayurved ANATOMY,102,Dr. vinay Pandey/ Dr. Suresh B. Katre,Pandey'S Ayurved ANATOMY,610,Aquarius Publication,442,Nagpur,CR 656,5/27/2019,36,CR 656,5/27/2019,Pustak Pedhi,Available,Rachna Sharir ,Marathi,6
103,Pandey'S Ayurved ANATOMY,103,Dr. vinay Pandey/ Dr. Suresh B. Katre,Pandey'S Ayurved ANATOMY,610,Aquarius Publication,442,Nagpur,CR 656,5/27/2019,36,CR 656,5/27/2019,Pustak Pedhi,Available,Rachna Sharir ,Marathi,6
104,Maulik Siddhant v Dhrusharth Ashtang Hridyam,104,Dr.B.M.Bhalme,Maulik Siddhant v Dhrusharth Ashtang Hridyam,300,Dhanwantari Prakashan,469,Nagpur,CR 656,5/27/2019,36,CR 656,5/27/2019,Pustak Pedhi,Available,Samhita siddhant ,Marathi,6
105,Maulik Siddhant v Dhrusharth Ashtang Hridyam,105,Dr.B.M.Bhalme,Maulik Siddhant v Dhrusharth Ashtang Hridyam,300,Dhanwantari Prakashan,469,Nagpur,CR 656,5/27/2019,36,CR 656,5/27/2019,Pustak Pedhi,Available,Samhita siddhant ,Marathi,6
106,Maulik Siddhant v Dhrusharth Ashtang Hridyam,106,Dr.B.M.Bhalme,Maulik Siddhant v Dhrusharth Ashtang Hridyam,300,Dhanwantari Prakashan,469,Nagpur,CR 656,5/27/2019,36,CR 656,5/27/2019,Pustak Pedhi,Available,Samhita siddhant ,Marathi,6
107,Maulik Siddhant v Dhrusharth Ashtang Hridyam,107,Dr.B.M.Bhalme,Maulik Siddhant v Dhrusharth Ashtang Hridyam,300,Dhanwantari Prakashan,469,Nagpur,CR 656,5/27/2019,36,CR 656,5/27/2019,Pustak Pedhi,Available,Samhita siddhant ,Marathi,6
108,Maulik Siddhant v Dhrusharth Ashtang Hridyam,108,Dr.B.M.Bhalme,Maulik Siddhant v Dhrusharth Ashtang Hridyam,300,Dhanwantari Prakashan,469,Nagpur,CR 656,5/27/2019,36,CR 656,5/27/2019,Pustak Pedhi,Available,Samhita siddhant ,Marathi,6
109,Maulik Siddhant v Dhrusharth Ashtang Hridyam,109,Dr.B.M.Bhalme,Maulik Siddhant v Dhrusharth Ashtang Hridyam,300,Dhanwantari Prakashan,469,Nagpur,CR 656,5/27/2019,36,CR 656,5/27/2019,Pustak Pedhi,Available,Samhita siddhant ,Marathi,6
110,Maulik Siddhant v Dhrusharth Ashtang Hridyam,110,Dr.B.M.Bhalme,Maulik Siddhant v Dhrusharth Ashtang Hridyam,300,Dhanwantari Prakashan,469,Nagpur,CR 656,5/27/2019,36,CR 656,5/27/2019,Pustak Pedhi,Available,Samhita siddhant ,Marathi,6
11,Maulik Siddhant v Dhrusharth Ashtang Hridyam,11,Dr.B.M.Bhalme,Maulik Siddhant v Dhrusharth Ashtang Hridyam,300,Dhanwantari Prakashan,469,Nagpur,CR 656,5/27/2019,36,CR 656,5/27/2019,Pustak Pedhi,Available,Samhita siddhant ,Marathi,6
112,Maulik Siddhant v Dhrusharth Ashtang Hridyam,112,Dr.B.M.Bhalme,Maulik Siddhant v Dhrusharth Ashtang Hridyam,300,Dhanwantari Prakashan,469,Nagpur,CR 656,5/27/2019,36,CR 656,5/27/2019,Pustak Pedhi,Available,Samhita siddhant ,Marathi,6
113,Maulik Siddhant v Dhrusharth Ashtang Hridyam,113,Dr.B.M.Bhalme,Maulik Siddhant v Dhrusharth Ashtang Hridyam,300,Dhanwantari Prakashan,469,Nagpur,CR 656,5/27/2019,36,CR 656,5/27/2019,Pustak Pedhi,Available,Samhita siddhant ,Marathi,6
114,Human Anatomy vol.1,114,B.D. Chaurasia,Human Anatomy vol.1,220,CBS publishers,328,Mumbai,CR 656,5/27/2019,36,CR 656,5/27/2019,Pustak Pedhi,Available,Rachna Sharir ,English,6
115,Human Anatomy vol.1,115,B.D. Chaurasia,Human Anatomy vol.1,220,CBS publishers,328,Mumbai,CR 656,5/27/2019,36,CR 656,5/27/2019,Pustak Pedhi,Available,Rachna Sharir ,English,6
116,Human Anatomy vol.2,116,B.D. Chaurasia,Human Anatomy vol.2,340,CBS publishers,490,Mumbai,CR 656,5/27/2019,36,CR 656,5/27/2019,Pustak Pedhi,Available,Rachna Sharir ,English,6
117,Human Anatomy vol.2,117,B.D. Chaurasia,Human Anatomy vol.2,340,CBS publishers,490,Mumbai,CR 656,5/27/2019,36,CR 656,5/27/2019,Pustak Pedhi,Available,Rachna Sharir ,English,6
118,Human Anatomy vol.3,118,B.D. Chaurasia,Human Anatomy vol.3,375,CBS publishers,362,Mumbai,CR 656,5/27/2019,36,CR 656,5/27/2019,Pustak Pedhi,Available,Rachna Sharir ,English,6
119,Human Anatomy vol.3,119,B.D. Chaurasia,Human Anatomy vol.3,375,CBS publishers,362,Mumbai,CR 656,5/27/2019,36,CR 656,5/27/2019,Pustak Pedhi,Available,Rachna Sharir ,English,6
120,Human Anatomy vol.4,120,B.D. Chaurasia,Human Anatomy vol.4,375,CBS publishers,224,Mumbai,CR 656,5/27/2019,36,CR 656,5/27/2019,Pustak Pedhi,Available,Rachna Sharir ,English,6
121,Human Anatomy vol.4,121,B.D. Chaurasia,Human Anatomy vol.4,375,CBS publishers,224,Mumbai,CR 656,5/27/2019,36,CR 656,5/27/2019,Pustak Pedhi,Available,Rachna Sharir ,English,6
122,Human Physiology-1,122,C.C.Chattargee,Human Physiology-1,695,CBS publishers,574,Mumbai,CR 656,5/27/2019,36,CR 656,5/27/2019,Pustak Pedhi,Available,Kriya Sharir,English,6
123,Human Physiology-1,123,C.C.Chattargee,Human Physiology-1,695,CBS publishers,574,Mumbai,CR 656,5/27/2019,36,CR 656,5/27/2019,Pustak Pedhi,Available,Kriya Sharir,English,6
124,Human Physiology-1,124,C.C.Chattargee,Human Physiology-1,695,CBS publishers,574,Mumbai,CR 656,5/27/2019,36,CR 656,5/27/2019,Pustak Pedhi,Available,Kriya Sharir,English,6
125,Human Physiology-1,125,C.C.Chattargee,Human Physiology-1,695,CBS publishers,574,Mumbai,CR 656,5/27/2019,36,CR 656,5/27/2019,Pustak Pedhi,Available,Kriya Sharir,English,6
126,Human Physiology-1,126,C.C.Chattargee,Human Physiology-1,695,CBS publishers,574,Mumbai,CR 656,5/27/2019,36,CR 656,5/27/2019,Pustak Pedhi,Available,Kriya Sharir,English,6
127,Human Physiology-2,127,C.C.Chattargee,Human Physiology-2,675,CBS publishers,510,Mumbai,CR 656,5/27/2019,36,CR 656,5/27/2019,Pustak Pedhi,Available,Kriya Sharir,English,6
128,Human Physiology-2,128,C.C.Chattargee,Human Physiology-2,675,CBS publishers,510,Mumbai,CR 656,5/27/2019,36,CR 656,5/27/2019,Pustak Pedhi,Available,Kriya Sharir,English,6
129,Human Physiology-2,129,C.C.Chattargee,Human Physiology-2,675,CBS publishers,510,Mumbai,CR 656,5/27/2019,36,CR 656,5/27/2019,Pustak Pedhi,Available,Kriya Sharir,English,6
130,Human Physiology-2,130,C.C.Chattargee,Human Physiology-2,675,CBS publishers,510,Mumbai,CR 656,5/27/2019,36,CR 656,5/27/2019,Pustak Pedhi,Available,Kriya Sharir,English,6
131,Human Physiology-2,131,C.C.Chattargee,Human Physiology-2,675,CBS publishers,510,Mumbai,CR 656,5/27/2019,36,CR 656,5/27/2019,Pustak Pedhi,Available,Kriya Sharir,English,6
132,Bhaishajyakalpana,132,Vd.Omprakash Tadokar,Bhaishajyakalpana,160,Shantanu Prakashan,296,Ahemadnagar,CR 656,5/27/2019,37,CR 656,5/27/2019,Pustak Pedhi,Available,Rasshashtra,Marathi,6
133,Bhaishajyakalpana,133,Vd.Omprakash Tadokar,Bhaishajyakalpana,160,Shantanu Prakashan,296,Ahemadnagar,CR 656,5/27/2019,37,CR 656,5/27/2019,Pustak Pedhi,Available,Rasshashtra,Marathi,6
134,Bhaishajyakalpana,134,Vd.Omprakash Tadokar,Bhaishajyakalpana,160,Shantanu Prakashan,296,Ahemadnagar,CR 656,5/27/2019,37,CR 656,5/27/2019,Pustak Pedhi,Available,Rasshashtra,Marathi,6
135,Bhaishajyakalpana,135,Vd.Omprakash Tadokar,Bhaishajyakalpana,160,Shantanu Prakashan,296,Ahemadnagar,CR 656,5/27/2019,37,CR 656,5/27/2019,Pustak Pedhi,Available,Rasshashtra,Marathi,6
136,Bhaishajyakalpana,136,Vd.Omprakash Tadokar,Bhaishajyakalpana,160,Shantanu Prakashan,296,Ahemadnagar,CR 656,5/27/2019,37,CR 656,5/27/2019,Pustak Pedhi,Available,Rasshashtra,Marathi,6
137,Bhaishajyakalpana,137,Vd.Omprakash Tadokar,Bhaishajyakalpana,160,Shantanu Prakashan,296,Ahemadnagar,CR 656,5/27/2019,37,CR 656,5/27/2019,Pustak Pedhi,Available,Rasshashtra,Marathi,6
138,Bhaishajyakalpana,138,Vd.Omprakash Tadokar,Bhaishajyakalpana,160,Shantanu Prakashan,296,Ahemadnagar,CR 656,5/27/2019,37,CR 656,5/27/2019,Pustak Pedhi,Available,Rasshashtra,Marathi,6
139,Bhaishajyakalpana,139,Vd.Omprakash Tadokar,Bhaishajyakalpana,160,Shantanu Prakashan,296,Ahemadnagar,CR 656,5/27/2019,37,CR 656,5/27/2019,Pustak Pedhi,Available,Rasshashtra,Marathi,6
140,Bhaishajyakalpana,140,Vd.Omprakash Tadokar,Bhaishajyakalpana,160,Shantanu Prakashan,296,Ahemadnagar,CR 656,5/27/2019,37,CR 656,5/27/2019,Pustak Pedhi,Available,Rasshashtra,Marathi,6
141,Bhaishajyakalpana,141,Vd.Omprakash Tadokar,Bhaishajyakalpana,160,Shantanu Prakashan,296,Ahemadnagar,CR 656,5/27/2019,37,CR 656,5/27/2019,Pustak Pedhi,Available,Rasshashtra,Marathi,6
142,Rasshashtra,142,Vd.Vinod Sathe,Rasshashtra,250,Shantanu Prakashan,432,Ahemadnagar,CR 656,5/27/2019,37,CR 656,5/27/2019,Pustak Pedhi,Available,Rasshashtra,Marathi,6
143,Rasshashtra,143,Vd.Vinod Sathe,Rasshashtra,250,Shantanu Prakashan,432,Ahemadnagar,CR 656,5/27/2019,37,CR 656,5/27/2019,Pustak Pedhi,Available,Rasshashtra,Marathi,6
144,Rasshashtra,144,Vd.Vinod Sathe,Rasshashtra,250,Shantanu Prakashan,432,Ahemadnagar,CR 656,5/27/2019,37,CR 656,5/27/2019,Pustak Pedhi,Available,Rasshashtra,Marathi,6
145,Rasshashtra,145,Vd.Vinod Sathe,Rasshashtra,250,Shantanu Prakashan,432,Ahemadnagar,CR 656,5/27/2019,37,CR 656,5/27/2019,Pustak Pedhi,Available,Rasshashtra,Marathi,6
146,Rasshashtra,146,Vd.Vinod Sathe,Rasshashtra,250,Shantanu Prakashan,432,Ahemadnagar,CR 656,5/27/2019,37,CR 656,5/27/2019,Pustak Pedhi,Available,Rasshashtra,Marathi,6
147,Rasshashtra,147,Vd.Vinod Sathe,Rasshashtra,250,Shantanu Prakashan,432,Ahemadnagar,CR 656,5/27/2019,37,CR 656,5/27/2019,Pustak Pedhi,Available,Rasshashtra,Marathi,6
148,Rasshashtra,148,Vd.Vinod Sathe,Rasshashtra,250,Shantanu Prakashan,432,Ahemadnagar,CR 656,5/27/2019,37,CR 656,5/27/2019,Pustak Pedhi,Available,Rasshashtra,Marathi,6
149,Rasshashtra,149,Vd.Vinod Sathe,Rasshashtra,250,Shantanu Prakashan,432,Ahemadnagar,CR 656,5/27/2019,37,CR 656,5/27/2019,Pustak Pedhi,Available,Rasshashtra,Marathi,6
150,Rasshashtra,150,Vd.Vinod Sathe,Rasshashtra,250,Shantanu Prakashan,432,Ahemadnagar,CR 656,5/27/2019,37,CR 656,5/27/2019,Pustak Pedhi,Available,Rasshashtra,Marathi,6
151,Rasshashtra,151,Vd.Vinod Sathe,Rasshashtra,250,Shantanu Prakashan,432,Ahemadnagar,CR 656,5/27/2019,37,CR 656,5/27/2019,Pustak Pedhi,Available,Rasshashtra,Marathi,6
152,Rognidan Bhag-1,152,dr.Ranade/Dr.Kadaskar,Rognidan Bhag-1,210,Profeisant prakashan,556,Pune,CR 656,5/27/2019,38,CR 656,5/27/2019,Pustak Pedhi,Available,Rognidan,Marathi,6
153,Rognidan Bhag-1,153,dr.Ranade/Dr.Kadaskar,Rognidan Bhag-1,210,Profeisant prakashan,556,Pune,CR 656,5/27/2019,38,CR 656,5/27/2019,Pustak Pedhi,Available,Rognidan,Marathi,6
154,Rognidan Bhag-1,154,dr.Ranade/Dr.Kadaskar,Rognidan Bhag-1,210,Profeisant prakashan,556,Pune,CR 656,5/27/2019,38,CR 656,5/27/2019,Pustak Pedhi,Available,Rognidan,Marathi,6
155,Rognidan Bhag-1,155,dr.Ranade/Dr.Kadaskar,Rognidan Bhag-1,210,Profeisant prakashan,556,Pune,CR 656,5/27/2019,38,CR 656,5/27/2019,Pustak Pedhi,Available,Rognidan,Marathi,6
156,Rognidan Bhag-1,156,dr.Ranade/Dr.Kadaskar,Rognidan Bhag-1,210,Profeisant prakashan,556,Pune,CR 656,5/27/2019,38,CR 656,5/27/2019,Pustak Pedhi,Available,Rognidan,Marathi,6
157,Rognidan Bhag-1,157,dr.Ranade/Dr.Kadaskar,Rognidan Bhag-1,210,Profeisant prakashan,556,Pune,CR 656,5/27/2019,38,CR 656,5/27/2019,Pustak Pedhi,Available,Rognidan,Marathi,6
158,Rognidan Bhag-1,158,dr.Ranade/Dr.Kadaskar,Rognidan Bhag-1,210,Profeisant prakashan,556,Pune,CR 656,5/27/2019,38,CR 656,5/27/2019,Pustak Pedhi,Available,Rognidan,Marathi,6
159,Rognidan Bhag-1,159,dr.Ranade/Dr.Kadaskar,Rognidan Bhag-1,210,Profeisant prakashan,556,Pune,CR 656,5/27/2019,38,CR 656,5/27/2019,Pustak Pedhi,Available,Rognidan,Marathi,6
160,Rognidan Bhag-1,160,dr.Ranade/Dr.Kadaskar,Rognidan Bhag-1,210,Profeisant prakashan,556,Pune,CR 656,5/27/2019,38,CR 656,5/27/2019,Pustak Pedhi,Available,Rognidan,Marathi,6
161,Rognidan Bhag-1,161,dr.Ranade/Dr.Kadaskar,Rognidan Bhag-1,210,Profeisant prakashan,556,Pune,CR 656,5/27/2019,38,CR 656,5/27/2019,Pustak Pedhi,Available,Rognidan,Marathi,6
162,Rognidan Bhag-2,162,dr.Ranade/Dr.Kadaskar,Rognidan Bhag-2,180,Profeisant prakashan,454,Pune,CR 656,5/27/2019,38,CR 656,5/27/2019,Pustak Pedhi,Available,Rognidan,Marathi,6
163,Rognidan Bhag-2,163,dr.Ranade/Dr.Kadaskar,Rognidan Bhag-2,180,Profeisant prakashan,454,Pune,CR 656,5/27/2019,38,CR 656,5/27/2019,Pustak Pedhi,Available,Rognidan,Marathi,6
164,Rognidan Bhag-2,164,dr.Ranade/Dr.Kadaskar,Rognidan Bhag-2,180,Profeisant prakashan,454,Pune,CR 656,5/27/2019,38,CR 656,5/27/2019,Pustak Pedhi,Available,Rognidan,Marathi,6
165,Rognidan Bhag-2,165,dr.Ranade/Dr.Kadaskar,Rognidan Bhag-2,180,Profeisant prakashan,454,Pune,CR 656,5/27/2019,38,CR 656,5/27/2019,Pustak Pedhi,Available,Rognidan,Marathi,6
166,Rognidan Bhag-2,166,dr.Ranade/Dr.Kadaskar,Rognidan Bhag-2,180,Profeisant prakashan,454,Pune,CR 656,5/27/2019,38,CR 656,5/27/2019,Pustak Pedhi,Available,Rognidan,Marathi,6
167,Rognidan Bhag-2,167,dr.Ranade/Dr.Kadaskar,Rognidan Bhag-2,180,Profeisant prakashan,454,Pune,CR 656,5/27/2019,38,CR 656,5/27/2019,Pustak Pedhi,Available,Rognidan,Marathi,6
168,Rognidan Bhag-2,168,dr.Ranade/Dr.Kadaskar,Rognidan Bhag-2,180,Profeisant prakashan,454,Pune,CR 656,5/27/2019,38,CR 656,5/27/2019,Pustak Pedhi,Available,Rognidan,Marathi,6
169,Rognidan Bhag-2,169,dr.Ranade/Dr.Kadaskar,Rognidan Bhag-2,180,Profeisant prakashan,454,Pune,CR 656,5/27/2019,38,CR 656,5/27/2019,Pustak Pedhi,Available,Rognidan,Marathi,6
170,Rognidan Bhag-2,170,dr.Ranade/Dr.Kadaskar,Rognidan Bhag-2,180,Profeisant prakashan,454,Pune,CR 656,5/27/2019,38,CR 656,5/27/2019,Pustak Pedhi,Available,Rognidan,Marathi,6
171,Rognidan Bhag-2,171,dr.Ranade/Dr.Kadaskar,Rognidan Bhag-2,180,Profeisant prakashan,454,Pune,CR 656,5/27/2019,38,CR 656,5/27/2019,Pustak Pedhi,Available,Rognidan,Marathi,6
172,Dravyagunavigyan Bhag 1&2,172,Pra.Deshpande/Javdekar/Ranade,Dravyagunavigyan Bhag 1&2,700,Profeisant prakashan,1043,Pune,CR 656,5/27/2019,37,CR 656,5/27/2019,Pustak Pedhi,Available,Dravyaguna,Marathi,6
173,Dravyagunavigyan Bhag 1&2,173,Pra.Deshpande/Javdekar/Ranade,Dravyagunavigyan Bhag 1&2,700,Profeisant prakashan,1043,Pune,CR 656,5/27/2019,37,CR 656,5/27/2019,Pustak Pedhi,Available,Dravyaguna,Marathi,6
174,Dravyagunavigyan Bhag 1&2,174,Pra.Deshpande/Javdekar/Ranade,Dravyagunavigyan Bhag 1&2,700,Profeisant prakashan,1043,Pune,CR 656,5/27/2019,37,CR 656,5/27/2019,Pustak Pedhi,Available,Dravyaguna,Marathi,6
175,Dravyagunavigyan Bhag 1&2,175,Pra.Deshpande/Javdekar/Ranade,Dravyagunavigyan Bhag 1&2,700,Profeisant prakashan,1043,Pune,CR 656,5/27/2019,37,CR 656,5/27/2019,Pustak Pedhi,Available,Dravyaguna,Marathi,6
176,Dravyagunavigyan Bhag 1&2,176,Pra.Deshpande/Javdekar/Ranade,Dravyagunavigyan Bhag 1&2,700,Profeisant prakashan,1043,Pune,CR 656,5/27/2019,37,CR 656,5/27/2019,Pustak Pedhi,Available,Dravyaguna,Marathi,6
177,Dravyagunavigyan Bhag 1&2,177,Pra.Deshpande/Javdekar/Ranade,Dravyagunavigyan Bhag 1&2,700,Profeisant prakashan,1043,Pune,CR 656,5/27/2019,37,CR 656,5/27/2019,Pustak Pedhi,Available,Dravyaguna,Marathi,6
178,Dravyagunavigyan Bhag 1&2,178,Pra.Deshpande/Javdekar/Ranade,Dravyagunavigyan Bhag 1&2,700,Profeisant prakashan,1043,Pune,CR 656,5/27/2019,37,CR 656,5/27/2019,Pustak Pedhi,Available,Dravyaguna,Marathi,6
179,Dravyagunavigyan Bhag 1&2,179,Pra.Deshpande/Javdekar/Ranade,Dravyagunavigyan Bhag 1&2,700,Profeisant prakashan,1043,Pune,CR 656,5/27/2019,37,CR 656,5/27/2019,Pustak Pedhi,Available,Dravyaguna,Marathi,6
180,Dravyagunavigyan Bhag 1&2,180,Pra.Deshpande/Javdekar/Ranade,Dravyagunavigyan Bhag 1&2,700,Profeisant prakashan,1043,Pune,CR 656,5/27/2019,37,CR 656,5/27/2019,Pustak Pedhi,Available,Dravyaguna,Marathi,6
181,Dravyagunavigyan Bhag 1&2,181,Pra.Deshpande/Javdekar/Ranade,Dravyagunavigyan Bhag 1&2,700,Profeisant prakashan,1043,Pune,CR 656,5/27/2019,37,CR 656,5/27/2019,Pustak Pedhi,Available,Dravyaguna,Marathi,6
182,Charak Samhita part-1,182,Vd.Vijay Kale,Charak Samhita part-1,400,choukambba publishers,896,Mumbai,CR 656,5/27/2019,37,CR 656,5/27/2019,Pustak Pedhi,Available,Samhita siddhant ,Marathi,6
183,Charak Samhita part-1,183,Vd.Vijay Kale,Charak Samhita part-1,400,choukambba publishers,896,Mumbai,CR 656,5/27/2019,37,CR 656,5/27/2019,Pustak Pedhi,Available,Samhita siddhant ,Marathi,6
184,Charak Samhita part-1,184,Vd.Vijay Kale,Charak Samhita part-1,400,choukambba publishers,896,Mumbai,CR 656,5/27/2019,37,CR 656,5/27/2019,Pustak Pedhi,Available,Samhita siddhant ,Marathi,6
185,Charak Samhita part-1,185,Vd.Vijay Kale,Charak Samhita part-1,400,choukambba publishers,896,Mumbai,CR 656,5/27/2019,37,CR 656,5/27/2019,Pustak Pedhi,Available,Samhita siddhant ,Marathi,6
186,Charak Samhita part-1,186,Vd.Vijay Kale,Charak Samhita part-1,400,choukambba publishers,896,Mumbai,CR 656,5/27/2019,37,CR 656,5/27/2019,Pustak Pedhi,Available,Samhita siddhant ,Marathi,6
187,Essentials of medical pharmacology,187,K.D.Tripathi,Essentials of medical pharmacology,1295,Japee Brothers bPublishers,1064,Delhi,CR 656,5/27/2019,37,CR 656,5/27/2019,Pustak Pedhi,Available,Dravyaguna,English,6
188,Essentials of medical pharmacology,188,K.D.Tripathi,Essentials of medical pharmacology,1295,Japee Brothers bPublishers,1064,Delhi,CR 656,5/27/2019,37,CR 656,5/27/2019,Pustak Pedhi,Available,Dravyaguna,English,6
189,Toxicology at a  Glance,189,S.K.Singhal,Toxicology at a  Glance,350,The National Book Depot,155,Mumbai,CR 656,5/27/2019,37,CR 656,5/27/2019,Pustak Pedhi,Available,Agadtantra,English,6
190,Toxicology at a  Glance,190,S.K.Singhal,Toxicology at a  Glance,350,The National Book Depot,155,Mumbai,CR 656,5/27/2019,37,CR 656,5/27/2019,Pustak Pedhi,Available,Agadtantra,English,6
191,Toxicology at a  Glance,191,S.K.Singhal,Toxicology at a  Glance,350,The National Book Depot,155,Mumbai,CR 656,5/27/2019,37,CR 656,5/27/2019,Pustak Pedhi,Available,Agadtantra,English,6
192,Toxicology at a  Glance,192,S.K.Singhal,Toxicology at a  Glance,350,The National Book Depot,155,Mumbai,CR 656,5/27/2019,37,CR 656,5/27/2019,Pustak Pedhi,Available,Agadtantra,English,6
193,Toxicology at a  Glance,193,S.K.Singhal,Toxicology at a  Glance,350,The National Book Depot,155,Mumbai,CR 656,5/27/2019,37,CR 656,5/27/2019,Pustak Pedhi,Available,Agadtantra,English,6
194,Forensic Medicine & Jurisprudence,194,S.K.Singhal,Forensic Medicine & Jurisprudence,500,The National Book Depot,337,Mumbai,CR 656,5/27/2019,37,CR 656,5/27/2019,Pustak Pedhi,Available,Agadtantra,English,6
195,Forensic Medicine & Jurisprudence,195,S.K.Singhal,Forensic Medicine & Jurisprudence,500,The National Book Depot,337,Mumbai,CR 656,5/27/2019,37,CR 656,5/27/2019,Pustak Pedhi,Available,Agadtantra,English,6
196,Forensic Medicine & Jurisprudence,196,S.K.Singhal,Forensic Medicine & Jurisprudence,500,The National Book Depot,337,Mumbai,CR 656,5/27/2019,37,CR 656,5/27/2019,Pustak Pedhi,Available,Agadtantra,English,6
197,Forensic Medicine & Jurisprudence,197,S.K.Singhal,Forensic Medicine & Jurisprudence,500,The National Book Depot,337,Mumbai,CR 656,5/27/2019,37,CR 656,5/27/2019,Pustak Pedhi,Available,Agadtantra,English,6
198,Forensic Medicine & Jurisprudence,198,S.K.Singhal,Forensic Medicine & Jurisprudence,500,The National Book Depot,337,Mumbai,CR 656,5/27/2019,37,CR 656,5/27/2019,Pustak Pedhi,Available,Agadtantra,English,6
199,Rasshashtra Bhaishjyakalpan Charts,199,Vd.Sathe/Vd. Mangle,Rasshashtra Bhaishjyakalpan Charts,130,Shantanu Prakashan,93,Ahemadnagar,CR 656,5/27/2019,37,CR 656,5/27/2019,Pustak Pedhi,Available,rasshashtra,Marathi,6
200,Rasshashtra Bhaishjyakalpan Charts,200,Vd.Sathe/Vd. Mangle,Rasshashtra Bhaishjyakalpan Charts,130,Shantanu Prakashan,93,Ahemadnagar,CR 656,5/27/2019,37,CR 656,5/27/2019,Pustak Pedhi,Available,rasshashtra,Marathi,6
201,Rasshashtra Bhaishjyakalpan Charts,201,Vd.Sathe/Vd. Mangle,Rasshashtra Bhaishjyakalpan Charts,130,Shantanu Prakashan,93,Ahemadnagar,CR 656,5/27/2019,37,CR 656,5/27/2019,Pustak Pedhi,Available,rasshashtra,Marathi,6
202,Rasshashtra Bhaishjyakalpan Charts,202,Vd.Sathe/Vd. Mangle,Rasshashtra Bhaishjyakalpan Charts,130,Shantanu Prakashan,93,Ahemadnagar,CR 656,5/27/2019,37,CR 656,5/27/2019,Pustak Pedhi,Available,rasshashtra,Marathi,6
203,Rasshashtra Bhaishjyakalpan Charts,203,Vd.Sathe/Vd. Mangle,Rasshashtra Bhaishjyakalpan Charts,130,Shantanu Prakashan,93,Ahemadnagar,CR 656,5/27/2019,37,CR 656,5/27/2019,Pustak Pedhi,Available,rasshashtra,Marathi,6
204,Rasshashtra Bhaishjyakalpan Charts,204,Vd.Sathe/Vd. Mangle,Rasshashtra Bhaishjyakalpan Charts,130,Shantanu Prakashan,93,Ahemadnagar,CR 656,5/27/2019,37,CR 656,5/27/2019,Pustak Pedhi,Available,rasshashtra,Marathi,6
205,Rasshashtra Bhaishjyakalpan Charts,205,Vd.Sathe/Vd. Mangle,Rasshashtra Bhaishjyakalpan Charts,130,Shantanu Prakashan,93,Ahemadnagar,CR 656,5/27/2019,37,CR 656,5/27/2019,Pustak Pedhi,Available,rasshashtra,Marathi,6
206,Rasshashtra Bhaishjyakalpan Charts,206,Vd.Sathe/Vd. Mangle,Rasshashtra Bhaishjyakalpan Charts,130,Shantanu Prakashan,93,Ahemadnagar,CR 656,5/27/2019,37,CR 656,5/27/2019,Pustak Pedhi,Available,rasshashtra,Marathi,6
207,Rasshashtra Bhaishjyakalpan Charts,207,Vd.Sathe/Vd. Mangle,Rasshashtra Bhaishjyakalpan Charts,130,Shantanu Prakashan,93,Ahemadnagar,CR 656,5/27/2019,37,CR 656,5/27/2019,Pustak Pedhi,Available,rasshashtra,Marathi,6
208,Rasshashtra Bhaishjyakalpan Charts,208,Vd.Sathe/Vd. Mangle,Rasshashtra Bhaishjyakalpan Charts,130,Shantanu Prakashan,93,Ahemadnagar,CR 656,5/27/2019,37,CR 656,5/27/2019,Pustak Pedhi,Available,rasshashtra,Marathi,6
209,Vyavharayurved evam vidhivaidyak,209,Dr.Ayodhyaprasad Achal,Vyavharayurved evam vidhivaidyak,290,choukambba publishers,464,Delhi,CR 656,5/27/2019,37,CR 656,5/27/2019,Pustak Pedhi,Available,Agadtantra,Hindi,6
210,Vyavharayurved evam vidhivaidyak,210,Dr.Ayodhyaprasad Achal,Vyavharayurved evam vidhivaidyak,290,choukambba publishers,464,Delhi,CR 656,5/27/2019,37,CR 656,5/27/2019,Pustak Pedhi,Available,Agadtantra,Hindi,6
211,Vyavharayurved evam vidhivaidyak,211,Dr.Ayodhyaprasad Achal,Vyavharayurved evam vidhivaidyak,290,choukambba publishers,464,Delhi,CR 656,5/27/2019,37,CR 656,5/27/2019,Pustak Pedhi,Available,Agadtantra,Hindi,6
212,Vyavharayurved evam vidhivaidyak,212,Dr.Ayodhyaprasad Achal,Vyavharayurved evam vidhivaidyak,290,choukambba publishers,464,Delhi,CR 656,5/27/2019,37,CR 656,5/27/2019,Pustak Pedhi,Available,Agadtantra,Hindi,6
213,Vyavharayurved evam vidhivaidyak,213,Dr.Ayodhyaprasad Achal,Vyavharayurved evam vidhivaidyak,290,choukambba publishers,464,Delhi,CR 656,5/27/2019,37,CR 656,5/27/2019,Pustak Pedhi,Available,Agadtantra,Hindi,6
214,Vyavharayurved evam vidhivaidyak,214,Dr.Ayodhyaprasad Achal,Vyavharayurved evam vidhivaidyak,290,choukambba publishers,464,Delhi,CR 656,5/27/2019,37,CR 656,5/27/2019,Pustak Pedhi,Available,Agadtantra,Hindi,6
215,Vyavharayurved evam vidhivaidyak,215,Dr.Ayodhyaprasad Achal,Vyavharayurved evam vidhivaidyak,290,choukambba publishers,464,Delhi,CR 656,5/27/2019,37,CR 656,5/27/2019,Pustak Pedhi,Available,Agadtantra,Hindi,6
216,Vyavharayurved evam vidhivaidyak,216,Dr.Ayodhyaprasad Achal,Vyavharayurved evam vidhivaidyak,290,choukambba publishers,464,Delhi,CR 656,5/27/2019,37,CR 656,5/27/2019,Pustak Pedhi,Available,Agadtantra,Hindi,6
217,Vyavharayurved evam vidhivaidyak,217,Dr.Ayodhyaprasad Achal,Vyavharayurved evam vidhivaidyak,290,choukambba publishers,464,Delhi,CR 656,5/27/2019,37,CR 656,5/27/2019,Pustak Pedhi,Available,Agadtantra,Hindi,6
218,Vyavharayurved evam vidhivaidyak,218,Dr.Ayodhyaprasad Achal,Vyavharayurved evam vidhivaidyak,290,choukambba publishers,464,Delhi,CR 656,5/27/2019,37,CR 656,5/27/2019,Pustak Pedhi,Available,Agadtantra,Hindi,6
219,Agadtantra Ayurvediya Vishavigyan,219,Dr.Ayodhyaprasad Achal,Agadtantra Ayurvediya Vishavigyan,160,Laxmi Bhargava,97,,CR 656,5/27/2019,37,CR 656,5/27/2019,Pustak Pedhi,Available,Agadtantra,Marathi,6
220,Agadtantra Ayurvediya Vishavigyan,220,Dr.Ayodhyaprasad Achal,Agadtantra Ayurvediya Vishavigyan,160,Laxmi Bhargava,97,,CR 656,5/27/2019,37,CR 656,5/27/2019,Pustak Pedhi,Available,Agadtantra,Marathi,6
221,Agadtantra Ayurvediya Vishavigyan,221,Dr.Ayodhyaprasad Achal,Agadtantra Ayurvediya Vishavigyan,160,Laxmi Bhargava,97,,CR 656,5/27/2019,37,CR 656,5/27/2019,Pustak Pedhi,Available,Agadtantra,Marathi,6
222,Agadtantra Ayurvediya Vishavigyan,222,Dr.Ayodhyaprasad Achal,Agadtantra Ayurvediya Vishavigyan,160,Laxmi Bhargava,97,,CR 656,5/27/2019,37,CR 656,5/27/2019,Pustak Pedhi,Available,Agadtantra,Marathi,6
223,Agadtantra Ayurvediya Vishavigyan,223,Dr.Ayodhyaprasad Achal,Agadtantra Ayurvediya Vishavigyan,160,Laxmi Bhargava,97,,CR 656,5/27/2019,37,CR 656,5/27/2019,Pustak Pedhi,Available,Agadtantra,Marathi,6
224,Swasthvritta vigyan,224,Dr.S.k. Agrawal,Swasthvritta vigyan,315,choukambba publishers,514,varanasi,CR 656,5/27/2019,38,CR 656,5/27/2019,Pustak Pedhi,Available,Swastvritta,Hindi,6
225,Swasthvritta vigyan,225,Dr.S.k. Agrawal,Swasthvritta vigyan,315,choukambba publishers,514,varanasi,CR 656,5/27/2019,38,CR 656,5/27/2019,Pustak Pedhi,Available,Swastvritta,Hindi,6
226,Swasthvritta vigyan,226,Dr.S.k. Agrawal,Swasthvritta vigyan,315,choukambba publishers,514,varanasi,CR 656,5/27/2019,38,CR 656,5/27/2019,Pustak Pedhi,Available,Swastvritta,Hindi,6
227,Swasthvritta vigyan,227,Dr.S.k. Agrawal,Swasthvritta vigyan,315,choukambba publishers,514,varanasi,CR 656,5/27/2019,38,CR 656,5/27/2019,Pustak Pedhi,Available,Swastvritta,Hindi,6
228,Swasthvritta vigyan,228,Dr.S.k. Agrawal,Swasthvritta vigyan,315,choukambba publishers,514,varanasi,CR 656,5/27/2019,38,CR 656,5/27/2019,Pustak Pedhi,Available,Swastvritta,Hindi,6
229,Swasthvritta vigyan,229,Dr.S.k. Agrawal,Swasthvritta vigyan,315,choukambba publishers,514,varanasi,CR 656,5/27/2019,38,CR 656,5/27/2019,Pustak Pedhi,Available,Swastvritta,Hindi,6
230,Swasthvritta vigyan,230,Dr.S.k. Agrawal,Swasthvritta vigyan,315,choukambba publishers,514,varanasi,CR 656,5/27/2019,38,CR 656,5/27/2019,Pustak Pedhi,Available,Swastvritta,Hindi,6
231,Sampoorna swasthvritta Vigyan,231,Dr.Vijay Patrikar,Sampoorna swasthvritta Vigyan,570,Dhanwantari Prakashan,707,Nagpur,CR 656,5/27/2019,38,CR 656,5/27/2019,Pustak Pedhi,Available,Swastvritta,Marathi,6
232,Sampoorna swasthvritta Vigyan,232,Dr.Vijay Patrikar,Sampoorna swasthvritta Vigyan,570,Dhanwantari Prakashan,707,Nagpur,CR 656,5/27/2019,38,CR 656,5/27/2019,Pustak Pedhi,Available,Swastvritta,Marathi,6
233,Sampoorna swasthvritta Vigyan,233,Dr.Vijay Patrikar,Sampoorna swasthvritta Vigyan,570,Dhanwantari Prakashan,707,Nagpur,CR 656,5/27/2019,38,CR 656,5/27/2019,Pustak Pedhi,Available,Swastvritta,Marathi,6
234,Kaumarbhrityatantra -stree vigyaniya,234,Vd.N.S. Rajwade,Kaumarbhrityatantra -stree vigyaniya,300,vaidyamitra prakashan,694,Pune,CR 656,5/27/2019,38,CR 656,5/27/2019,Pustak Pedhi,Available,Kaumarbhritya,Marathi,6
235,Kaumarbhrityatantra -stree vigyaniya,235,Vd.N.S. Rajwade,Kaumarbhrityatantra -stree vigyaniya,300,vaidyamitra prakashan,694,Pune,CR 656,5/27/2019,38,CR 656,5/27/2019,Pustak Pedhi,Available,Kaumarbhritya,Marathi,6
236,Kaumarbhrityatantra -stree vigyaniya,236,Vd.N.S. Rajwade,Kaumarbhrityatantra -stree vigyaniya,300,vaidyamitra prakashan,694,Pune,CR 656,5/27/2019,38,CR 656,5/27/2019,Pustak Pedhi,Available,Kaumarbhritya,Marathi,6
237,kaumarbhritya,237,A.j. More,kaumarbhritya,575,Adwet prakashan,864,Sangamner,CR 656,5/27/2019,38,CR 656,5/27/2019,Pustak Pedhi,Available,Kaumarbhritya,Marathi,6
238,kaumarbhritya,238,A.j. More,kaumarbhritya,575,Adwet prakashan,864,Sangamner,CR 656,5/27/2019,38,CR 656,5/27/2019,Pustak Pedhi,Available,Kaumarbhritya,Marathi,6
239,kaumarbhritya,239,A.j. More,kaumarbhritya,575,Adwet prakashan,864,Sangamner,CR 656,5/27/2019,38,CR 656,5/27/2019,Pustak Pedhi,Available,Kaumarbhritya,Marathi,6
240,Balchikitsa,240,Dr.Dattatrya Lodhe,Balchikitsa,500,Tatvamasi prakashan,472,Ahemadnagar,CR 656,5/27/2019,38,CR 656,5/27/2019,Pustak Pedhi,Available,Kaumarbhritya,Marathi,6
241,Balchikitsa,241,Dr.Dattatrya Lodhe,Balchikitsa,500,Tatvamasi prakashan,472,Ahemadnagar,CR 656,5/27/2019,38,CR 656,5/27/2019,Pustak Pedhi,Available,Kaumarbhritya,Marathi,6
242,Balchikitsa,242,Dr.Dattatrya Lodhe,Balchikitsa,500,Tatvamasi prakashan,472,Ahemadnagar,CR 656,5/27/2019,38,CR 656,5/27/2019,Pustak Pedhi,Available,Kaumarbhritya,Marathi,6
243,Balchikitsa,243,Dr.Dattatrya Lodhe,Balchikitsa,500,Tatvamasi prakashan,472,Ahemadnagar,CR 656,5/27/2019,38,CR 656,5/27/2019,Pustak Pedhi,Available,Kaumarbhritya,Marathi,6
244,Balchikitsa,244,Dr.Dattatrya Lodhe,Balchikitsa,500,Tatvamasi prakashan,472,Ahemadnagar,CR 656,5/27/2019,38,CR 656,5/27/2019,Pustak Pedhi,Available,Kaumarbhritya,Marathi,6
245,Balchikitsa,245,Dr.Dattatrya Lodhe,Balchikitsa,500,Tatvamasi prakashan,472,Ahemadnagar,CR 656,5/27/2019,38,CR 656,5/27/2019,Pustak Pedhi,Available,Kaumarbhritya,Marathi,6
246,Balchikitsa,246,Dr.Dattatrya Lodhe,Balchikitsa,500,Tatvamasi prakashan,472,Ahemadnagar,CR 656,5/27/2019,38,CR 656,5/27/2019,Pustak Pedhi,Available,Kaumarbhritya,Marathi,6
247,Textbook of Gyneacology,247,Hiralal Konar,Textbook of Gyneacology,895,Health sciences publisher,574,Nepal,CR 656,5/27/2019,38,CR 656,5/27/2019,Pustak Pedhi,Available,Stree-Prasutitantra,English,6
248,Textbook of Gyneacology,248,Hiralal Konar,Textbook of Gyneacology,895,Health sciences publisher,574,Nepal,CR 656,5/27/2019,38,CR 656,5/27/2019,Pustak Pedhi,Available,Stree-Prasutitantra,English,6
249,Textbook of Gyneacology,249,Hiralal Konar,Textbook of Gyneacology,895,Health sciences publisher,574,Nepal,CR 656,5/27/2019,38,CR 656,5/27/2019,Pustak Pedhi,Available,Stree-Prasutitantra,English,6
250,Textbook of Gyneacology,250,Hiralal Konar,Textbook of Gyneacology,895,Health sciences publisher,574,Nepal,CR 656,5/27/2019,38,CR 656,5/27/2019,Pustak Pedhi,Available,Stree-Prasutitantra,English,6
251,Textbook of obstetrics,251,Hiralal Konar,Textbook of obstetrics,1150,Health sciences publisher,659,Nepal,CR 656,5/27/2019,38,CR 656,5/27/2019,Pustak Pedhi,Available,Stree-Prasutitantra,English,6
252,Textbook of obstetrics,252,Hiralal Konar,Textbook of obstetrics,1150,Health sciences publisher,659,Nepal,CR 656,5/27/2019,38,CR 656,5/27/2019,Pustak Pedhi,Available,Stree-Prasutitantra,English,6
253,Textbook of obstetrics,253,Hiralal Konar,Textbook of obstetrics,1150,Health sciences publisher,659,Nepal,CR 656,5/27/2019,38,CR 656,5/27/2019,Pustak Pedhi,Available,Stree-Prasutitantra,English,6
254,Textbook of obstetrics,254,Hiralal Konar,Textbook of obstetrics,1150,Health sciences publisher,659,Nepal,CR 656,5/27/2019,38,CR 656,5/27/2019,Pustak Pedhi,Available,Stree-Prasutitantra,English,6
255,Panchkarma Sangrah,255,Dr.Manoj Shamkuwar,Panchkarma Sangrah,360,Dhanwantari Prakashan,391,Nagpur,CR 656,5/27/2019,39,CR 656,5/27/2019,Pustak Pedhi,Available,Panchkarma,Marathi,6
256,Panchkarma Sangrah,256,Dr.Manoj Shamkuwar,Panchkarma Sangrah,360,Dhanwantari Prakashan,391,Nagpur,CR 656,5/27/2019,39,CR 656,5/27/2019,Pustak Pedhi,Available,Panchkarma,Marathi,6
257,Panchkarma Sangrah,257,Dr.Manoj Shamkuwar,Panchkarma Sangrah,360,Dhanwantari Prakashan,391,Nagpur,CR 656,5/27/2019,39,CR 656,5/27/2019,Pustak Pedhi,Available,Panchkarma,Marathi,6
258,Ayurvaidiya Panchkarma Vigyan,258,Vd. Shridhar Kasture,Ayurvaidiya Panchkarma Vigyan,220,Baidhyanath publishers,712,Nagpur,CR 656,5/27/2019,39,CR 656,5/27/2019,Pustak Pedhi,Available,Panchkarma,Hindi,6
259,Ayurvaidiya Panchkarma Vigyan,259,Vd. Shridhar Kasture,Ayurvaidiya Panchkarma Vigyan,220,Baidhyanath publishers,712,Nagpur,CR 656,5/27/2019,39,CR 656,5/27/2019,Pustak Pedhi,Available,Panchkarma,Hindi,6
260,Ayurvaidiya Panchkarma Vigyan,260,Vd. Shridhar Kasture,Ayurvaidiya Panchkarma Vigyan,220,Baidhyanath publishers,712,Nagpur,CR 656,5/27/2019,39,CR 656,5/27/2019,Pustak Pedhi,Available,Panchkarma,Hindi,6
261,Ayurvaidiya Panchkarma Vigyan,261,Vd. Shridhar Kasture,Ayurvaidiya Panchkarma Vigyan,220,Baidhyanath publishers,712,Nagpur,CR 656,5/27/2019,39,CR 656,5/27/2019,Pustak Pedhi,Available,Panchkarma,Hindi,6
262,Ayurvaidiya Panchkarma Vigyan,262,Vd. Shridhar Kasture,Ayurvaidiya Panchkarma Vigyan,220,Baidhyanath publishers,712,Nagpur,CR 656,5/27/2019,39,CR 656,5/27/2019,Pustak Pedhi,Available,Panchkarma,Hindi,6
263,Ayurvaidiya Panchkarma Vigyan,263,Vd. Shridhar Kasture,Ayurvaidiya Panchkarma Vigyan,220,Baidhyanath publishers,712,Nagpur,CR 656,5/27/2019,39,CR 656,5/27/2019,Pustak Pedhi,Available,Panchkarma,Hindi,6
264,Ayurvaidiya Panchkarma Vigyan,264,Vd. Shridhar Kasture,Ayurvaidiya Panchkarma Vigyan,220,Baidhyanath publishers,712,Nagpur,CR 656,5/27/2019,39,CR 656,5/27/2019,Pustak Pedhi,Available,Panchkarma,Hindi,6
265,Charak Samhita part-2,265,Vijayshankar Kade,Charak Samhita part-2,450,choukambba publishers,1036,Mumbai,CR 656,5/27/2019,38,CR 656,5/27/2019,Pustak Pedhi,Available,Samhita siddhant ,Marathi,6
266,Charak Samhita part-2,266,Vijayshankar Kade,Charak Samhita part-2,450,choukambba publishers,1036,Mumbai,CR 656,5/27/2019,38,CR 656,5/27/2019,Pustak Pedhi,Available,Samhita siddhant ,Marathi,6
267,Charak Samhita part-2,267,Vijayshankar Kade,Charak Samhita part-2,450,choukambba publishers,1036,Mumbai,CR 656,5/27/2019,38,CR 656,5/27/2019,Pustak Pedhi,Available,Samhita siddhant ,Marathi,6
268,Charak Samhita part-2,268,Vijayshankar Kade,Charak Samhita part-2,450,choukambba publishers,1036,Mumbai,CR 656,5/27/2019,38,CR 656,5/27/2019,Pustak Pedhi,Available,Samhita siddhant ,Marathi,6
269,Charak Samhita part-2,269,Vijayshankar Kade,Charak Samhita part-2,450,choukambba publishers,1036,Mumbai,CR 656,5/27/2019,38,CR 656,5/27/2019,Pustak Pedhi,Available,Samhita siddhant ,Marathi,6
270,GHAI Essentials Pedriatics,270,"Vinod Paul,Arvind Bagga",GHAI Essentials Pedriatics,1095,CBS publishers,798,Mumbai,CR 656,5/27/2019,38,CR 656,5/27/2019,Pustak Pedhi,Available,Kaumarbhritya,English,6
271,GHAI Essentials Pedriatics,271,"Vinod Paul,Arvind Bagga",GHAI Essentials Pedriatics,1095,CBS publishers,798,Mumbai,CR 656,5/27/2019,38,CR 656,5/27/2019,Pustak Pedhi,Available,Kaumarbhritya,English,6
272,GHAI Essentials Pedriatics,272,"Vinod Paul,Arvind Bagga",GHAI Essentials Pedriatics,1095,CBS publishers,798,Mumbai,CR 656,5/27/2019,38,CR 656,5/27/2019,Pustak Pedhi,Available,Kaumarbhritya,English,6
273,GHAI Essentials Pedriatics,273,"Vinod Paul,Arvind Bagga",GHAI Essentials Pedriatics,1095,CBS publishers,798,Mumbai,CR 656,5/27/2019,38,CR 656,5/27/2019,Pustak Pedhi,Available,Kaumarbhritya,English,6
274,Kaychikitsa paper-1,274,Dr.S.K. jaiswal,Kaychikitsa paper-1,250,Rashtrasant publishers,422,Yawatmal,CR 656,5/27/2019,39,CR 656,5/27/2019,Pustak Pedhi,Available,Kaychikitsa,Marathi,6
275,Kaychikitsa paper-1,275,Dr.S.K. jaiswal,Kaychikitsa paper-1,250,Rashtrasant publishers,422,Yawatmal,CR 656,5/27/2019,39,CR 656,5/27/2019,Pustak Pedhi,Available,Kaychikitsa,Marathi,6
276,Kaychikitsa paper-1,276,Dr.S.K. jaiswal,Kaychikitsa paper-1,250,Rashtrasant publishers,422,Yawatmal,CR 656,5/27/2019,39,CR 656,5/27/2019,Pustak Pedhi,Available,Kaychikitsa,Marathi,6
277,Kaychikitsa paper-1,277,Dr.S.K. jaiswal,Kaychikitsa paper-1,250,Rashtrasant publishers,422,Yawatmal,CR 656,5/27/2019,39,CR 656,5/27/2019,Pustak Pedhi,Available,Kaychikitsa,Marathi,6
278,Kaychikitsa paper-1,278,Dr.S.K. jaiswal,Kaychikitsa paper-1,250,Rashtrasant publishers,422,Yawatmal,CR 656,5/27/2019,39,CR 656,5/27/2019,Pustak Pedhi,Available,Kaychikitsa,Marathi,6
279,Kaychikitsa paper-1,279,Dr.S.K. jaiswal,Kaychikitsa paper-1,250,Rashtrasant publishers,422,Yawatmal,CR 656,5/27/2019,39,CR 656,5/27/2019,Pustak Pedhi,Available,Kaychikitsa,Marathi,6
280,Kaychikitsa paper-1,280,Dr.S.K. jaiswal,Kaychikitsa paper-1,250,Rashtrasant publishers,422,Yawatmal,CR 656,5/27/2019,39,CR 656,5/27/2019,Pustak Pedhi,Available,Kaychikitsa,Marathi,6
281,Kaychikitsa paper-1,281,Dr.S.K. jaiswal,Kaychikitsa paper-1,250,Rashtrasant publishers,422,Yawatmal,CR 656,5/27/2019,39,CR 656,5/27/2019,Pustak Pedhi,Available,Kaychikitsa,Marathi,6
282,Kaychikitsa paper-1,282,Dr.S.K. jaiswal,Kaychikitsa paper-1,250,Rashtrasant publishers,422,Yawatmal,CR 656,5/27/2019,39,CR 656,5/27/2019,Pustak Pedhi,Available,Kaychikitsa,Marathi,6
283,Kaychikitsa paper-1,283,Dr.S.K. jaiswal,Kaychikitsa paper-1,250,Rashtrasant publishers,422,Yawatmal,CR 656,5/27/2019,39,CR 656,5/27/2019,Pustak Pedhi,Available,Kaychikitsa,Marathi,6
284,Kayachikitsa,284,Vd.Y.G. Joshi,Kayachikitsa,450,Sampada Publishers,672,Pune,CR 656,5/27/2019,39,CR 656,5/27/2019,Pustak Pedhi,Available,Kaychikitsa,Marathi,6
285,Kayachikitsa,285,Vd.Y.G. Joshi,Kayachikitsa,450,Sampada Publishers,672,Pune,CR 656,5/27/2019,39,CR 656,5/27/2019,Pustak Pedhi,Available,Kaychikitsa,Marathi,6
286,Kayachikitsa,286,Vd.Y.G. Joshi,Kayachikitsa,450,Sampada Publishers,672,Pune,CR 656,5/27/2019,39,CR 656,5/27/2019,Pustak Pedhi,Available,Kaychikitsa,Marathi,6
287,Kayachikitsa,287,Vd.Y.G. Joshi,Kayachikitsa,450,Sampada Publishers,672,Pune,CR 656,5/27/2019,39,CR 656,5/27/2019,Pustak Pedhi,Available,Kaychikitsa,Marathi,6
288,Kayachikitsa,288,Vd.Y.G. Joshi,Kayachikitsa,450,Sampada Publishers,672,Pune,CR 656,5/27/2019,39,CR 656,5/27/2019,Pustak Pedhi,Available,Kaychikitsa,Marathi,6
289,Kayachikitsa,289,Vd.Y.G. Joshi,Kayachikitsa,450,Sampada Publishers,672,Pune,CR 656,5/27/2019,39,CR 656,5/27/2019,Pustak Pedhi,Available,Kaychikitsa,Marathi,6
290,Kayachikitsa,290,Vd.Y.G. Joshi,Kayachikitsa,450,Sampada Publishers,672,Pune,CR 656,5/27/2019,39,CR 656,5/27/2019,Pustak Pedhi,Available,Kaychikitsa,Marathi,6
291,Kayachikitsa,291,Vd.Y.G. Joshi,Kayachikitsa,450,Sampada Publishers,672,Pune,CR 656,5/27/2019,39,CR 656,5/27/2019,Pustak Pedhi,Available,Kaychikitsa,Marathi,6
292,Kayachikitsa,292,Vd.Y.G. Joshi,Kayachikitsa,450,Sampada Publishers,672,Pune,CR 656,5/27/2019,39,CR 656,5/27/2019,Pustak Pedhi,Available,Kaychikitsa,Marathi,6
293,Kayachikitsa,293,Vd.Y.G. Joshi,Kayachikitsa,450,Sampada Publishers,672,Pune,CR 656,5/27/2019,39,CR 656,5/27/2019,Pustak Pedhi,Available,Kaychikitsa,Marathi,6
294,Netrarog Vigyan,294,Dr. N.Vidhvans,Netrarog Vigyan,340,Vimal Publication,436,Nashik,CR 656,5/27/2019,39,CR 656,5/27/2019,Pustak Pedhi,Available,Shalakyatantra,Marathi,6
295,Netrarog Vigyan,295,Dr. N.Vidhvans,Netrarog Vigyan,340,Vimal Publication,436,Nashik,CR 656,5/27/2019,39,CR 656,5/27/2019,Pustak Pedhi,Available,Shalakyatantra,Marathi,6
296,Netrarog Vigyan,296,Dr. N.Vidhvans,Netrarog Vigyan,340,Vimal Publication,436,Nashik,CR 656,5/27/2019,39,CR 656,5/27/2019,Pustak Pedhi,Available,Shalakyatantra,Marathi,6
297,Netrarog Vigyan,297,Dr. N.Vidhvans,Netrarog Vigyan,340,Vimal Publication,436,Nashik,CR 656,5/27/2019,39,CR 656,5/27/2019,Pustak Pedhi,Available,Shalakyatantra,Marathi,6
298,Netrarog Vigyan,298,Dr. N.Vidhvans,Netrarog Vigyan,340,Vimal Publication,436,Nashik,CR 656,5/27/2019,39,CR 656,5/27/2019,Pustak Pedhi,Available,Shalakyatantra,Marathi,6
299,Netrarog Vigyan,299,Dr. N.Vidhvans,Netrarog Vigyan,340,Vimal Publication,436,Nashik,CR 656,5/27/2019,39,CR 656,5/27/2019,Pustak Pedhi,Available,Shalakyatantra,Marathi,6
300,Netrarog Vigyan,300,Dr. N.Vidhvans,Netrarog Vigyan,340,Vimal Publication,436,Nashik,CR 656,5/27/2019,39,CR 656,5/27/2019,Pustak Pedhi,Available,Shalakyatantra,Marathi,6
301,Netrarog Vigyan,301,Dr. N.Vidhvans,Netrarog Vigyan,340,Vimal Publication,436,Nashik,CR 656,5/27/2019,39,CR 656,5/27/2019,Pustak Pedhi,Available,Shalakyatantra,Marathi,6
302,Netrarog Vigyan,302,Dr. N.Vidhvans,Netrarog Vigyan,340,Vimal Publication,436,Nashik,CR 656,5/27/2019,39,CR 656,5/27/2019,Pustak Pedhi,Available,Shalakyatantra,Marathi,6
303,Netrarog Vigyan,303,Dr. N.Vidhvans,Netrarog Vigyan,340,Vimal Publication,436,Nashik,CR 656,5/27/2019,39,CR 656,5/27/2019,Pustak Pedhi,Available,Shalakyatantra,Marathi,6
304,"Shiro-Karna-Nasa,Mukhrog",304,Dr. N.Vidhvans,"Shiro-Karna-Nasa,Mukhrog",280,Vimal Publication,343,Nashik,CR 656,5/27/2019,39,CR 656,5/27/2019,Pustak Pedhi,Available,Shalakyatantra,Marathi,6
305,"Shiro-Karna-Nasa,Mukhrog",305,Dr. N.Vidhvans,"Shiro-Karna-Nasa,Mukhrog",280,Vimal Publication,343,Nashik,CR 656,5/27/2019,39,CR 656,5/27/2019,Pustak Pedhi,Available,Shalakyatantra,Marathi,6
306,"Shiro-Karna-Nasa,Mukhrog",306,Dr. N.Vidhvans,"Shiro-Karna-Nasa,Mukhrog",280,Vimal Publication,343,Nashik,CR 656,5/27/2019,39,CR 656,5/27/2019,Pustak Pedhi,Available,Shalakyatantra,Marathi,6
307,"Shiro-Karna-Nasa,Mukhrog",307,Dr. N.Vidhvans,"Shiro-Karna-Nasa,Mukhrog",280,Vimal Publication,343,Nashik,CR 656,5/27/2019,39,CR 656,5/27/2019,Pustak Pedhi,Available,Shalakyatantra,Marathi,6
308,"Shiro-Karna-Nasa,Mukhrog",308,Dr. N.Vidhvans,"Shiro-Karna-Nasa,Mukhrog",280,Vimal Publication,343,Nashik,CR 656,5/27/2019,39,CR 656,5/27/2019,Pustak Pedhi,Available,Shalakyatantra,Marathi,6
309,"Shiro-Karna-Nasa,Mukhrog",309,Dr. N.Vidhvans,"Shiro-Karna-Nasa,Mukhrog",280,Vimal Publication,343,Nashik,CR 656,5/27/2019,39,CR 656,5/27/2019,Pustak Pedhi,Available,Shalakyatantra,Marathi,6
310,"Shiro-Karna-Nasa,Mukhrog",310,Dr. N.Vidhvans,"Shiro-Karna-Nasa,Mukhrog",280,Vimal Publication,343,Nashik,CR 656,5/27/2019,39,CR 656,5/27/2019,Pustak Pedhi,Available,Shalakyatantra,Marathi,6
311,"Shiro-Karna-Nasa,Mukhrog",311,Dr. N.Vidhvans,"Shiro-Karna-Nasa,Mukhrog",280,Vimal Publication,343,Nashik,CR 656,5/27/2019,39,CR 656,5/27/2019,Pustak Pedhi,Available,Shalakyatantra,Marathi,6
312,"Shiro-Karna-Nasa,Mukhrog",312,Dr. N.Vidhvans,"Shiro-Karna-Nasa,Mukhrog",280,Vimal Publication,343,Nashik,CR 656,5/27/2019,39,CR 656,5/27/2019,Pustak Pedhi,Available,Shalakyatantra,Marathi,6
313,"Shiro-Karna-Nasa,Mukhrog",313,Dr. N.Vidhvans,"Shiro-Karna-Nasa,Mukhrog",280,Vimal Publication,343,Nashik,CR 656,5/27/2019,39,CR 656,5/27/2019,Pustak Pedhi,Available,Shalakyatantra,Marathi,6
314,Shalayatantra Part-1,314,Anantkumar Shekokar,Shalayatantra Part-1,280,Shantanu Prakashan,540,Ahemadnagar,CR 656,5/27/2019,39,CR 656,5/27/2019,Pustak Pedhi,Available,Shalyatantra,Hindi,6
315,Shalayatantra Part-1,315,Anantkumar Shekokar,Shalayatantra Part-1,280,Shantanu Prakashan,540,Ahemadnagar,CR 656,5/27/2019,39,CR 656,5/27/2019,Pustak Pedhi,Available,Shalyatantra,Hindi,6
316,Shalayatantra Part-1,316,Anantkumar Shekokar,Shalayatantra Part-1,280,Shantanu Prakashan,540,Ahemadnagar,CR 656,5/27/2019,39,CR 656,5/27/2019,Pustak Pedhi,Available,Shalyatantra,Hindi,6
317,Shalayatantra Part-1,317,Anantkumar Shekokar,Shalayatantra Part-1,280,Shantanu Prakashan,540,Ahemadnagar,CR 656,5/27/2019,39,CR 656,5/27/2019,Pustak Pedhi,Available,Shalyatantra,Hindi,6
318,Shalayatantra Part-1,318,Anantkumar Shekokar,Shalayatantra Part-1,280,Shantanu Prakashan,540,Ahemadnagar,CR 656,5/27/2019,39,CR 656,5/27/2019,Pustak Pedhi,Available,Shalyatantra,Hindi,6
319,Shalayatantra Part-1,319,Anantkumar Shekokar,Shalayatantra Part-1,280,Shantanu Prakashan,540,Ahemadnagar,CR 656,5/27/2019,39,CR 656,5/27/2019,Pustak Pedhi,Available,Shalyatantra,Hindi,6
320,Shalayatantra Part-1,320,Anantkumar Shekokar,Shalayatantra Part-1,280,Shantanu Prakashan,540,Ahemadnagar,CR 656,5/27/2019,39,CR 656,5/27/2019,Pustak Pedhi,Available,Shalyatantra,Hindi,6
321,Shalayatantra Part-1,321,Anantkumar Shekokar,Shalayatantra Part-1,280,Shantanu Prakashan,540,Ahemadnagar,CR 656,5/27/2019,39,CR 656,5/27/2019,Pustak Pedhi,Available,Shalyatantra,Hindi,6
322,Shalayatantra Part-1,322,Anantkumar Shekokar,Shalayatantra Part-1,280,Shantanu Prakashan,540,Ahemadnagar,CR 656,5/27/2019,39,CR 656,5/27/2019,Pustak Pedhi,Available,Shalyatantra,Hindi,6
323,Shalayatantra Part-1,323,Anantkumar Shekokar,Shalayatantra Part-1,200,Shantanu Prakashan,374,Ahemadnagar,CR 656,5/27/2019,39,CR 656,5/27/2019,Pustak Pedhi,Available,Shalyatantra,Hindi,6
324,Shalyatantra part -2,324,Anantkumar Shekokar,Shalyatantra part -2,200,Shantanu Prakashan,374,Ahemadnagar,CR 656,5/27/2019,39,CR 656,5/27/2019,Pustak Pedhi,Available,Shalyatantra,Hindi,6
325,Shalyatantra part -2,325,Anantkumar Shekokar,Shalyatantra part -2,200,Shantanu Prakashan,374,Ahemadnagar,CR 656,5/27/2019,39,CR 656,5/27/2019,Pustak Pedhi,Available,Shalyatantra,Hindi,6
326,Shalyatantra part -2,326,Anantkumar Shekokar,Shalyatantra part -2,200,Shantanu Prakashan,374,Ahemadnagar,CR 656,5/27/2019,39,CR 656,5/27/2019,Pustak Pedhi,Available,Shalyatantra,Hindi,6
327,Shalyatantra part -2,327,Anantkumar Shekokar,Shalyatantra part -2,200,Shantanu Prakashan,374,Ahemadnagar,CR 656,5/27/2019,39,CR 656,5/27/2019,Pustak Pedhi,Available,Shalyatantra,Hindi,6
328,Shalyatantra part -2,328,Anantkumar Shekokar,Shalyatantra part -2,200,Shantanu Prakashan,374,Ahemadnagar,CR 656,5/27/2019,39,CR 656,5/27/2019,Pustak Pedhi,Available,Shalyatantra,Hindi,6
329,Shalyatantra part -2,329,Anantkumar Shekokar,Shalyatantra part -2,200,Shantanu Prakashan,374,Ahemadnagar,CR 656,5/27/2019,39,CR 656,5/27/2019,Pustak Pedhi,Available,Shalyatantra,Hindi,6
330,Shalyatantra part -2,330,Anantkumar Shekokar,Shalyatantra part -2,200,Shantanu Prakashan,374,Ahemadnagar,CR 656,5/27/2019,39,CR 656,5/27/2019,Pustak Pedhi,Available,Shalyatantra,Hindi,6
331,Shalyatantra part -2,331,Anantkumar Shekokar,Shalyatantra part -2,200,Shantanu Prakashan,374,Ahemadnagar,CR 656,5/27/2019,39,CR 656,5/27/2019,Pustak Pedhi,Available,Shalyatantra,Hindi,6
332,Shalyatantra part -2,332,Anantkumar Shekokar,Shalyatantra part -2,200,Shantanu Prakashan,374,Ahemadnagar,CR 656,5/27/2019,39,CR 656,5/27/2019,Pustak Pedhi,Available,Shalyatantra,Hindi,6
333,Shalyatantra part -2,333,Anantkumar Shekokar,Shalyatantra part -2,200,Shantanu Prakashan,374,Ahemadnagar,CR 656,5/27/2019,39,CR 656,5/27/2019,Pustak Pedhi,Available,Shalyatantra,Hindi,6
334,Research Methodology and Medical Satistics,334,Dr. Amol Velhal,Research Methodology and Medical Satistics,200,Dhanwantari Prakashan,362,Nagpur,CR 656,5/27/2019,39,CR 656,5/27/2019,Pustak Pedhi,Available,Samhita siddhant ,English,6
335,Research Methodology and Medical Satistics,335,Dr. Amol Velhal,Research Methodology and Medical Satistics,200,Dhanwantari Prakashan,362,Nagpur,CR 656,5/27/2019,39,CR 656,5/27/2019,Pustak Pedhi,Available,Samhita siddhant ,English,6
336,Research Methodology and Medical Satistics,336,Dr. Amol Velhal,Research Methodology and Medical Satistics,200,Dhanwantari Prakashan,362,Nagpur,CR 656,5/27/2019,39,CR 656,5/27/2019,Pustak Pedhi,Available,Samhita siddhant ,English,6
337,Research Methodology and Medical Satistics,337,Dr. Amol Velhal,Research Methodology and Medical Satistics,200,Dhanwantari Prakashan,362,Nagpur,CR 656,5/27/2019,39,CR 656,5/27/2019,Pustak Pedhi,Available,Samhita siddhant ,English,6
338,Research Methodology and Medical Satistics,338,Dr. Amol Velhal,Research Methodology and Medical Satistics,200,Dhanwantari Prakashan,362,Nagpur,CR 656,5/27/2019,39,CR 656,5/27/2019,Pustak Pedhi,Available,Samhita siddhant ,English,6
339,Research Methodology and Medical Satistics,339,Dr. Amol Velhal,Research Methodology and Medical Satistics,200,Dhanwantari Prakashan,362,Nagpur,CR 656,5/27/2019,39,CR 656,5/27/2019,Pustak Pedhi,Available,Samhita siddhant ,English,6
340,Research Methodology and Medical Satistics,340,Dr. Amol Velhal,Research Methodology and Medical Satistics,200,Dhanwantari Prakashan,362,Nagpur,CR 656,5/27/2019,39,CR 656,5/27/2019,Pustak Pedhi,Available,Samhita siddhant ,English,6
341,Research Methodology and Medical Satistics,341,Dr. Amol Velhal,Research Methodology and Medical Satistics,200,Dhanwantari Prakashan,362,Nagpur,CR 656,5/27/2019,39,CR 656,5/27/2019,Pustak Pedhi,Available,Samhita siddhant ,English,6
342,Research Methodology and Medical Satistics,342,Dr. Amol Velhal,Research Methodology and Medical Satistics,200,Dhanwantari Prakashan,362,Nagpur,CR 656,5/27/2019,39,CR 656,5/27/2019,Pustak Pedhi,Available,Samhita siddhant ,English,6
343,Research Methodology and Medical Satistics,343,Dr. Amol Velhal,Research Methodology and Medical Satistics,200,Dhanwantari Prakashan,362,Nagpur,CR 656,5/27/2019,39,CR 656,5/27/2019,Pustak Pedhi,Available,Samhita siddhant ,English,6
344,ENT Diseases,344,K.B.Bhargaw,ENT Diseases,925,Usha publications,478,Mumbai,CR 656,5/27/2019,39,CR 656,5/27/2019,Pustak Pedhi,Available,Shalakyatantra,English,6
345,ENT Diseases,345,K.B.Bhargaw,ENT Diseases,925,Usha publications,478,Mumbai,CR 656,5/27/2019,39,CR 656,5/27/2019,Pustak Pedhi,Available,Shalakyatantra,English,6
346,ENT Diseases,346,K.B.Bhargaw,ENT Diseases,925,Usha publications,478,Mumbai,CR 656,5/27/2019,39,CR 656,5/27/2019,Pustak Pedhi,Available,Shalakyatantra,English,6
347,ENT Diseases,347,K.B.Bhargaw,ENT Diseases,925,Usha publications,478,Mumbai,CR 656,5/27/2019,39,CR 656,5/27/2019,Pustak Pedhi,Available,Shalakyatantra,English,6
348,ENT Diseases,348,K.B.Bhargaw,ENT Diseases,925,Usha publications,478,Mumbai,CR 656,5/27/2019,39,CR 656,5/27/2019,Pustak Pedhi,Available,Shalakyatantra,English,6
349,Manual on clinical Surgery,349,S. Das,Manual on clinical Surgery,1030,Das publishers,648,kolkata,CR 656,5/27/2019,39,CR 656,5/27/2019,Pustak Pedhi,Available,Shalyatantra,English,6
350,Manual on clinical Surgery,350,S. Das,Manual on clinical Surgery,1030,Das publishers,648,kolkata,CR 656,5/27/2019,39,CR 656,5/27/2019,Pustak Pedhi,Available,Shalyatantra,English,6
351,Manual of practical Medicine,351,R.Alagappan,Manual of practical Medicine,1150,Health sciences publisher,1018,Bangladesh,CR 656,5/27/2019,39,CR 656,5/27/2019,Pustak Pedhi,Available,Kaychikitsa,English,6
352,Manual of practical Medicine,352,R.Alagappan,Manual of practical Medicine,1150,Health sciences publisher,1018,Bangladesh,CR 656,5/27/2019,39,CR 656,5/27/2019,Pustak Pedhi,Available,Kaychikitsa,English,6
353,Principle's and Practice of Medicine,353,Davidsons's,Principle's and Practice of Medicine,2395,Elsevier publiser,1417,London,CR 656,5/27/2019,39,CR 656,5/27/2019,Pustak Pedhi,Available,Kaychikitsa,English,6
354,Principle's and Practice of Medicine,354,Davidsons's,Principle's and Practice of Medicine,2395,Elsevier publiser,1417,London,CR 656,5/27/2019,39,CR 656,5/27/2019,Pustak Pedhi,Available,Kaychikitsa,English,6
355,Golwalla's medicine,355,A.F.Golwalla,Golwalla's medicine,1395,Jaypee Publishers,1160,New Delhi,CR 656,5/27/2019,39,CR 656,5/27/2019,Pustak Pedhi,Available,Kaychikitsa,English,6
356,Golwalla's medicine,356,A.F.Golwalla,Golwalla's medicine,1395,Jaypee Publishers,1160,New Delhi,CR 656,5/27/2019,39,CR 656,5/27/2019,Pustak Pedhi,Available,Kaychikitsa,English,6
357,Golwalla's medicine,357,A.F.Golwalla,Golwalla's medicine,1395,Jaypee Publishers,1160,New Delhi,CR 656,5/27/2019,39,CR 656,5/27/2019,Pustak Pedhi,Available,Kaychikitsa,English,6
358,Golwalla's medicine,358,A.F.Golwalla,Golwalla's medicine,1395,Jaypee Publishers,1160,New Delhi,CR 656,5/27/2019,39,CR 656,5/27/2019,Pustak Pedhi,Available,Kaychikitsa,English,6
